symbol,companyName,employeeCount
A,"Agilent Technologies, Inc.",11800
AAIC,Arlington Asset Investment Corp.,11
AAIN,Arlington Asset Investment Corp,11
AAL,American Airlines Group Inc.,118500
AAMC,Altisource Asset Management Corporation,46
AAME,Atlantic American Corporation,147
AAOI,"Applied Optoelectronics, Inc.",2513
AAON,"AAON, Inc.",1676
AAPL,Apple Inc.,110000
AAT,"American Assets Trust, Inc.",131
AB,AllianceBernstein Holding L.P.,3600
ABBV,AbbVie Inc.,28000
ABC,AmerisourceBergen Corporation,17500
ABCB,Ameris Bancorp,1304
ABEO,Abeona Therapeutics Inc.,15
ABG,"Asbury Automotive Group, Inc.",8600
ABIO,"ARCA biopharma, Inc.",18
ABM,ABM Industries Incorporated,120000
ABR,"Arbor Realty Trust, Inc.",39
ABT,Abbott Laboratories,74000
ABUS,Arbutus Biopharma Corporation,134
AC,"Associated Capital Group, Inc.",72
ACAD,ACADIA Pharmaceuticals Inc.,160
ACCO,ACCO Brands Corporation,5020
ACER,Acer Therapeutics Inc.,26
ACGL,Arch Capital Group Ltd.,2030
ACGLN,Arch Capital Group Ltd.,2030
ACGLO,Arch Capital Group Ltd.,2030
ACHC,"Acadia Healthcare Company, Inc.",26400
ACHV,"Achieve Life Sciences, Inc.",41
ACIW,"ACI Worldwide, Inc.",4576
ACLS,"Axcelis Technologies, Inc.",774
ACM,AECOM,92000
ACN,Accenture plc,358000
ACNB,ACNB Corporation,296
ACOR,"Acorda Therapeutics, Inc.",535
ACR,ACRES Commercial Realty Corp.,704
ACRE,Ares Commercial Real Estate Corporation,870
ACRS,"Aclaris Therapeutics, Inc.",18
ACRX,"AcelRx Pharmaceuticals, Inc.",36
ACST,Acasti Pharma Inc.,7
ACTG,Acacia Research Corporation,42
ACU,Acme United Corporation,342
ADAP,Adaptimmune Therapeutics plc,116
ADBE,Adobe Inc.,13893
ADC,Agree Realty Corporation,20
ADES,"Advanced Emissions Solutions, Inc.",69
ADM,Archer-Daniels-Midland Company,32300
ADMA,"ADMA Biologics, Inc.",74
ADMP,Adamis Pharmaceuticals Corporation,15
ADP,"Automatic Data Processing, Inc.",55000
ADSK,"Autodesk, Inc.",8823
ADTN,"ADTRAN Holdings, Inc.",1991
ADVM,"Adverum Biotechnologies, Inc.",54
AE,"Adams Resources & Energy, Inc.",809
AEHR,Aehr Test Systems,76
AEIS,"Advanced Energy Industries, Inc.",1382
AEL,American Equity Investment Life Holding Company,490
AEMD,"Aethlon Medical, Inc.",5
AEO,"American Eagle Outfitters, Inc.",38000
AEP,"American Electric Power Company, Inc.",17405
AEPPZ,"American Electric Power Company, Inc.",17405
AES,The AES Corporation,4100
AESC,The AES Corporation,4100
AEY,"ADDvantage Technologies Group, Inc.",156
AEYE,"AudioEye, Inc.",22
AFG,"American Financial Group, Inc.",6500
AFGB,"American Financial Group, Inc. ",6500
AFGC,"American Financial Group, Inc.",6500
AFGD,"American Financial Group, Inc.",6500
AFGE,"American Financial Group, Inc.",6500
AFL,Aflac Incorporated,4716
AGCO,AGCO Corporation,19600
AGEN,Agenus Inc.,230
AGIO,"Agios Pharmaceuticals, Inc.",208
AGM,Federal Agricultural Mortgage Corporation,71
AGNC,AGNC Investment Corp.,3
AGNCM,AGNC Investment Corp.,3
AGNCN,AGNC Investment Corp.,3
AGNCO,AGNC Investment Corp.,3
AGNCP,AGNC Investment Corp.,3
AGO,Assured Guaranty Ltd.,300
AGR,"Avangrid, Inc.",6809
AGRX,"Agile Therapeutics, Inc.",16
AGS,"PlayAGS, Inc.",500
AGX,"Argan, Inc.",862
AGYS,"Agilysys, Inc.",504
AHH,"Armada Hoffler Properties, Inc.",139
AHT,"Ashford Hospitality Trust, Inc.",108
AIC,Arlington Asset Investment Corp. 6.75% SR NT 25,11
AIG,"American International Group, Inc.",66400
AIMD,"Ainos, Inc.",4
AINC,Ashford Inc.,108
AIR,AAR Corp.,4850
AIRI,Air Industries Group,366
AIT,"Applied Industrial Technologies, Inc.",5839
AIV,Apartment Investment and Management Company,1591
AIZ,"Assurant, Inc.",16700
AIZN,"Assurant, Inc. 5.25% Subordinat",16700
AJG,Arthur J. Gallagher & Co.,21500
AJX,Great Ajax Corp.,80
AJXA,Great Ajax Corp. 7.25 CV SR NT 24,80
AKAM,"Akamai Technologies, Inc.",2874
AKBA,"Akebia Therapeutics, Inc.",64
AKR,Acadia Realty Trust,116
ALB,Albemarle Corporation,6963
ALCO,"Alico, Inc.",346
ALDX,"Aldeyra Therapeutics, Inc.",8
ALE,"ALLETE, Inc.",1945
ALEX,"Alexander & Baldwin, Inc.",773
ALG,Alamo Group Inc.,3030
ALGN,"Align Technology, Inc.",4375
ALGT,Allegiant Travel Company,2846
ALIM,"Alimera Sciences, Inc.",132
ALK,"Alaska Air Group, Inc.",15000
ALL,The Allstate Corporation,41100
ALLY,Ally Financial Inc.,7100
ALNY,"Alnylam Pharmaceuticals, Inc.",369
ALOT,"AstroNova, Inc.",340
ALPP,"Alpine 4 Holdings, Inc.",6
ALRM,"Alarm.com Holdings, Inc.",507
ALSN,"Allison Transmission Holdings, Inc.",2700
ALT,"Altimmune, Inc.",11
ALTO,"Alto Ingredients, Inc.",465
ALV,"Autoliv, Inc.",54600
ALX,"Alexander's, Inc.",73
AMBA,"Ambarella, Inc.",524
AMBC,"Ambac Financial Group, Inc.",158
AMC,"AMC Entertainment Holdings, Inc.",970
AMCX,AMC Networks Inc.,2175
AMD,"Advanced Micro Devices, Inc.",9100
AME,"AMETEK, Inc.",8100
AMED,"Amedisys, Inc.",16100
AMEH,"Apollo Medical Holdings, Inc.",150
AMG,"Affiliated Managers Group, Inc.",3200
AMKR,"Amkor Technology, Inc.",475
AMNB,American National Bankshares Inc.,303
AMOT,Allied Motion Technologies Inc.,1046
AMP,"Ameriprise Financial, Inc.",13000
AMPE,"Ampio Pharmaceuticals, Inc.",21
AMPG,"AmpliTech Group, Inc.",8
AMPGW,"AmpliTech Group, Inc.",8
AMPH,"Amphastar Pharmaceuticals, Inc.",238
AMPY,Amplify Energy Corp.,159
AMRC,"Ameresco, Inc.",1037
AMRK,"A-Mark Precious Metals, Inc.",52
AMRN,Amarin Corporation plc,210
AMRS,"Amyris, Inc.",418
AMS,American Shared Hospital Services,8
AMSC,American Superconductor Corporation,318
AMSF,"AMERISAFE, Inc.",449
AMSWA,"American Software, Inc.",402
AMT,American Tower Corporation,3371
AMWD,American Woodmark Corporation,5070
AMZN,"Amazon.com, Inc.",230800
AN,"AutoNation, Inc.",26000
ANET,"Arista Networks, Inc.",1200
ANF,Abercrombie & Fitch Co.,65000
ANGO,"AngioDynamics, Inc.",1300
ANIK,"Anika Therapeutics, Inc.",107
ANIX,"Anixa Biosciences, Inc.",6
AON,Aon plc,69000
AORT,"Artivion, Inc.",135
AOS,A. O. Smith Corporation,13400
AOSL,Alpha and Omega Semiconductor Limited,2780
APAM,Artisan Partners Asset Management Inc.,370
APD,"Air Products and Chemicals, Inc.",19700
APDN,"Applied DNA Sciences, Inc.",60
APH,Amphenol Corporation,50700
APLE,"Apple Hospitality REIT, Inc.",54
APPF,"AppFolio, Inc.",573
APPS,"Digital Turbine, Inc.",157
APT,"Alpha Pro Tech, Ltd.",129
APTO,Aptose Biosciences Inc.,22
APTV,Aptiv PLC,139000
APYX,Apyx Medical Corporation,201
AR,Antero Resources Corporation,444
ARAV,"Aravive, Inc.",44
ARAY,Accuray Incorporated,190
ARC,"ARC Document Solutions, Inc.",2600
ARCC,Ares Capital Corporation,870
ARCH,"Arch Resources, Inc.",4655
ARDX,"Ardelyx, Inc.",61
ARE,"Alexandria Real Estate Equities, Inc.",278
AREC,American Resources Corporation,4
ARES,Ares Management Corporation,870
ARGD,"Argo Group US, Inc. 6.5% SR NTS 42",1313
ARGO,"Argo Group International Holdings, Ltd.",1313
ARIS,"Aris Water Solutions, Inc.",387
ARKR,Ark Restaurants Corp.,2028
ARLP,"Alliance Resource Partners, L.P.",4243
ARMK,Aramark,265500
ARMP,"Armata Pharmaceuticals, Inc.",28
AROC,"Archrock, Inc.",2200
ARR,"ARMOUR Residential REIT, Inc.",19
ARTNA,Artesian Resources Corporation,231
ARTW,"Art's-Way Manufacturing Co., Inc.",82
ARW,"Arrow Electronics, Inc.",18500
ARWR,"Arrowhead Pharmaceuticals, Inc.",104
ASB,Associated Banc-Corp,4383
ASMB,"Assembly Biosciences, Inc.",51
ASPN,"Aspen Aerogels, Inc.",274
ASRV,"AmeriServ Financial, Inc.",341
ASTE,"Astec Industries, Inc.",88
ASTI,"Ascent Solar Technologies, Inc. Common Stock",119
ASUR,"Asure Software, Inc.",132
ASXC,"Asensus Surgical, Inc.",132
ASYS,"Amtech Systems, Inc.",503
ATEC,"Alphatec Holdings, Inc.",430
ATEN,"A10 Networks, Inc.",772
ATEX,Anterix Inc.,46
ATHE,Alterity Therapeutics Limited,15
ATHX,"Athersys, Inc.",60
ATI,ATI Inc.,9200
ATLC,Atlanticus Holdings Corporation,319
ATLCL,Atlanticus Holdings Corporation 6.125% Senior Notes due 2026,319
ATLCP,Atlanticus Holdings Corporation,319
ATLO,Ames National Corporation,12
ATNI,"ATN International, Inc.",1200
ATNM,"Actinium Pharmaceuticals, Inc.",18
ATO,Atmos Energy Corporation,4753
ATOS,"Atossa Therapeutics, Inc.",2
ATRA,"Atara Biotherapeutics, Inc.",55
ATRC,"AtriCure, Inc.",112
ATRI,Atrion Corporation,489
ATRO,Astronics Corporation,2300
ATSG,"Air Transport Services Group, Inc.",2170
ATXS,"Astria Therapeutics, Inc.",37
AUB,Atlantic Union Bankshares Corporation,1422
AUBN,"Auburn National Bancorporation, Inc.",157
AUID,authID Inc.,72
AUMN,Golden Minerals Company,165
AVA,Avista Corporation,1711
AVAV,"AeroVironment, Inc.",663
AVB,"AvalonBay Communities, Inc.",2981
AVD,American Vanguard Corporation,347
AVGR,"Avinger, Inc.",70
AVID,"Avid Technology, Inc.",1522
AVNS,"Avanos Medical, Inc.",12000
AVNT,Avient Corporation,6900
AVNW,"Aviat Networks, Inc.",740
AVT,"Avnet, Inc.",18800
AVXL,Anavex Life Sciences Corp.,7
AVY,Avery Dennison Corporation,25000
AWH,Aspira Women's Health Inc.,54
AWI,"Armstrong World Industries, Inc.",7600
AWR,American States Water Company,707
AWRE,"Aware, Inc.",69
AWX,Avalon Holdings Corporation,388
AX,"Axos Financial, Inc.",467
AXDX,"Accelerate Diagnostics, Inc.",113
AXGN,"AxoGen, Inc.",113
AXON,"Axon Enterprise, Inc.",549
AXP,American Express Company,54800
AXR,AMREP Corporation,570
AXS,AXIS Capital Holdings Limited,1225
AXTA,Axalta Coating Systems Ltd.,1300
AXTI,"AXT, Inc.",1045
AYRO,"Ayro, Inc.",68
AYTU,"Aytu BioPharma, Inc.",9
AZO,"AutoZone, Inc.",81000
AZPN,ASPEN TECHNOLOGY INC /DE/,435
AZTA,"Azenta, Inc.",1426
AZZ,AZZ Inc.,3244
B,Barnes Group Inc.,40
BABA,Alibaba Group Holding Limited,1400
BAH,Booz Allen Hamilton Holding Corporation,22500
BALL,Ball Corporation,15200
BANC,"Banc of California, Inc.",1679
BANF,BancFirst Corporation,1744
BANFP,BFC Capital Trust II PFD TR 7.20%,1744
BANR,Banner Corporation,1918
BATL,Battalion Oil Corporation,323
BAX,Baxter International Inc.,50000
BBDC,"Barings BDC, Inc.",26
BBLG,Bone Biologics Corporation,3
BBLGW,Bone Biologics Corporation,3
BCBP,"BCB Bancorp, Inc.",331
BCC,Boise Cascade Company,5910
BCLI,Brainstorm Cell Therapeutics Inc.,20
BCOV,Brightcove Inc.,147
BCPC,Balchem Corporation,875
BCRX,"BioCryst Pharmaceuticals, Inc.",70
BDC,Belden Inc.,8200
BDL,"Flanigan's Enterprises, Inc.",1561
BDN,Brandywine Realty Trust,401
BDX,"Becton, Dickinson and Company",49517
BECN,"Beacon Roofing Supply, Inc.",3366
BELFA,Bel Fuse Inc.,7971
BELFB,Bel Fuse Inc.,7971
BEN,"Franklin Resources, Inc.",9500
BERY,"Berry Global Group, Inc.",16000
BFAM,Bright Horizons Family Solutions Inc.,26000
BFH,"Bread Financial Holdings, Inc.",16000
BFIN,BankFinancial Corporation,2
BFS,"Saul Centers, Inc.",61
BFST,"Business First Bancshares, Inc.",184
BG,Bunge Limited,33000
BGI,Birks Group Inc.,633
BGNE,"BeiGene, Ltd.",240
BGS,"B&G Foods, Inc.",956
BHB,Bar Harbor Bankshares,205
BHC,Bausch Health Companies Inc.,22000
BHE,"Benchmark Electronics, Inc.",10500
BHLB,"Berkshire Hills Bancorp, Inc.",20
BHP,BHP Group Limited,12000
BHR,Braemar Hotels & Resorts Inc.,108
BIIB,Biogen Inc.,7350
BIO,"Bio-Rad Laboratories, Inc.",7770
BIOC,"Biocept, Inc.",53
BIOL,"BIOLASE, Inc.",200
BJRI,"BJ's Restaurants, Inc.",20500
BK,The Bank of New York Mellon Corporation,51200
BKD,Brookdale Senior Living Inc.,53000
BKE,"The Buckle, Inc.",8900
BKH,Black Hills Corporation,2003
BKI,"Black Knight, Inc.",4100
BKNG,Booking Holdings Inc.,15500
BKSC,Bank of South Carolina Corporation,81
BKTI,BK Technologies Corporation,107
BKU,"BankUnited, Inc.",1641
BKYI,"BIO-key International, Inc.",19
BLBD,Blue Bird Corporation,1762
BLD,TopBuild Corp.,8000
BLDR,"Builders FirstSource, Inc.",1700
BLFS,"BioLife Solutions, Inc.",43
BLFS,"BioLife Solutions, Inc.",38
BLIN,"Bridgeline Digital, Inc.",91
BLKB,"Blackbaud, Inc.",617
BLMN,"Bloomin' Brands, Inc.",100000
BLNK,Blink Charging Co.,30
BLPH,"Bellerophon Therapeutics, Inc.",22
BLUE,"bluebird bio, Inc.",254
BMI,"Badger Meter, Inc.",1514
BMRA,"Biomerica, Inc.",36
BMRC,Bank of Marin Bancorp,259
BMRN,BioMarin Pharmaceutical Inc.,2158
BMY,Bristol-Myers Squibb Company,8500
BOC,Boston Omaha Corporation,8
BOH,Bank of Hawaii Corporation,2200
BOKF,BOK Financial Corporation,4789
BOOM,DMC Global Inc.,424
BOOT,"Boot Barn Holdings, Inc.",800
BOTJ,"Bank of the James Financial Group, Inc.",125
BOX,"Box, Inc.",1158
BPOP,"Popular, Inc.",7810
BPOPM,Popular Capital Trust II PFD GTD 6.125%,7810
BPTH,"Bio-Path Holdings, Inc.",11
BR,"Broadridge Financial Solutions, Inc.",7400
BRFH,"Barfresh Food Group, Inc.",11
BRID,Bridgford Foods Corporation,507
BRKL,"Brookline Bancorp, Inc.",675
BRKR,Bruker Corporation,2880
BRN,"Barnwell Industries, Inc.",34
BRO,"Brown & Brown, Inc.",7807
BRTX,"BioRestorative Therapies, Inc.",11
BRX,Brixmor Property Group Inc.,447
BSET,"Bassett Furniture Industries, Incorporated",2237
BSGM,"BioSig Technologies, Inc.",11
BSM,"Black Stone Minerals, L.P.",107
BSRR,Sierra Bancorp,352
BSX,Boston Scientific Corporation,25000
BTB,Bit Brother Limited,260
BTCS,BTCS Inc.,2
BTU,Peabody Energy Corporation,7600
BURL,"Burlington Stores, Inc.",34000
BUSE,First Busey Corporation,795
BVH,Bluegreen Vacations Holding Corporation,6108
BW,"Babcock & Wilcox Enterprises, Inc.",5700
BWA,BorgWarner Inc.,70
BWEN,"Broadwind, Inc.",680
BWFG,"Bankwell Financial Group, Inc.",123
BWNB,"Babcock & Wilcox Enterprises, I",5700
BWSN,"Babcock & Wilcox Enterprises, I",5700
BWXT,"BWX Technologies, Inc.",5300
BX,Blackstone Inc.,790
BXC,BlueLinx Holdings Inc.,1700
BXP,"Boston Properties, Inc.",765
BYD,Boyd Gaming Corporation,18243
BYFC,Broadway Financial Corporation,67
CAAS,"China Automotive Systems, Inc.",4230
CABO,"Cable One, Inc.",1972
CAC,Camden National Corporation,652
CACI,CACI International Inc,16600
CAG,"Conagra Brands, Inc.",32900
CAH,"Cardinal Health, Inc.",24400
CAKE,The Cheesecake Factory Incorporated,37600
CAL,"Caleres, Inc.",11000
CALM,"Cal-Maine Foods, Inc.",2872
CALX,"Calix, Inc.",895
CAMP,CalAmp Corp.,410
CAPL,CrossAmerica Partners LP,1052
CAPR,"Capricor Therapeutics, Inc.",29
CAR,"Avis Budget Group, Inc.",30000
CARA,"Cara Therapeutics, Inc.",20
CARV,"Carver Bancorp, Inc.",129
CASS,"Cass Information Systems, Inc.",722
CASY,"Casey's General Stores, Inc.",13050
CAT,Caterpillar Inc.,105700
CATO,The Cato Corporation,10000
CATY,Cathay General Bancorp,1122
CB,Chubb Limited,22000
CBAN,"Colony Bankcorp, Inc.",321
CBAT,"CBAK Energy Technology, Inc.",422
CBAY,"CymaBay Therapeutics, Inc.",21
CBIO,"Catalyst Biosciences, Inc.",19
CBL,"CBL & Associates Properties, Inc.",617
CBRL,"Cracker Barrel Old Country Store, Inc.",72000
CBSH,"Commerce Bancshares, Inc.",4391
CBT,Cabot Corporation,4600
CBU,"Community Bank System, Inc.",2207
CBZ,"CBIZ, Inc.",4400
CC,The Chemours Company,8100
CCAP,"Crescent Capital BDC, Inc.",140
CCEL,"Cryo-Cell International, Inc.",70
CCF,Chase Corporation,671
CCI,Crown Castle Inc.,2700
CCK,"Crown Holdings, Inc.",24000
CCNE,CNB Financial Corporation,454
CCNEP,CNB Financial Corporation,454
CCOI,"Cogent Communications Holdings, Inc.",836
CCRD,CoreCard Corporation,252
CCRN,"Cross Country Healthcare, Inc.",45
CCZ,Comcast Holdings Corp.,153000
CDMO,"Avid Bioservices, Inc.",211
CDNA,"CareDx, Inc",95
CDNS,"Cadence Design Systems, Inc.",6100
CDR,"Cedar Realty Trust, Inc.",67
CDTX,"Cidara Therapeutics, Inc.",48
CDXC,ChromaDex Corporation,74
CDXS,"Codexis, Inc.",91
CDZI,Cadiz Inc.,10
CE,Celanese Corporation,7081
CEAD,CEA Industries Inc.,32
CEI,"Camber Energy, Inc.",7
CENT,Central Garden & Pet Company,3300
CENTA,Central Garden & Pet Company,3300
CENX,Century Aluminum Company,1778
CEQP,Crestwood Equity Partners LP,1300
CERS,Cerus Corporation,176
CETX,"Cemtrex, Inc.",244
CETXP,"Cemtrex, Inc.",244
CETY,"Clean Energy Technologies, Inc.",600
CEVA,"CEVA, Inc.",250
CF,"CF Industries Holdings, Inc.",2800
CFBK,CF Bankshares Inc.,52
CFFI,C&F Financial Corporation,598
CFFN,"Capitol Federal Financial, Inc.",691
CFMS,"Conformis, Inc.",387
CFR,"Cullen/Frost Bankers, Inc.",4211
CFRX,ContraFect Corporation,31
CGA,"China Green Agriculture, Inc.",424
CGNX,Cognex Corporation,352
CGRN,Capstone Green Energy Corporation,236
CHCO,City Holding Company,853
CHCT,Community Healthcare Trust Incorporated,9
CHD,"Church & Dwight Co., Inc.",4400
CHDN,Churchill Downs Incorporated,4530
CHE,Chemed Corporation,14406
CHEF,"The Chefs' Warehouse, Inc.",1693
CHGG,"Chegg, Inc.",672
CHH,"Choice Hotels International, Inc.",1462
CHK,Chesapeake Energy Corporation,4400
CHKEL,Chesapeake Energy Corporation,4400
CHKEW,Chesapeake Energy Corporation,4400
CHKEZ,Chesapeake Energy Corporation,4400
CHMG,Chemung Financial Corporation,377
CHMI,Cherry Hill Mortgage Investment Corporation,3
CHRD,Chord Energy Corporation,558
CHRS,"Coherus BioSciences, Inc.",109
CHRW,"C.H. Robinson Worldwide, Inc.",13159
CHS,"Chico's FAS, Inc.",23800
CHTR,"Charter Communications, Inc.",23800
CHUY,"Chuy's Holdings, Inc.",7295
CIEN,Ciena Corporation,5345
CIM,Chimera Investment Corporation,32
CINF,Cincinnati Financial Corporation,4493
CIR,"CIRCOR International, Inc.",2500
CIVB,"Civista Bancshares, Inc.",326
CIVI,"Civitas Resources, Inc.",282
CIX,CompX International Inc.,512
CIZN,Citizens Holding Company,236
CKX,"CKX Lands, Inc.",3
CL,Colgate-Palmolive Company,37900
CLAR,Clarus Corporation,46
CLB,Core Laboratories N.V.,4400
CLDT,Chatham Lodging Trust,47
CLDX,"Celldex Therapeutics, Inc.",199
CLF,Cleveland-Cliffs Inc.,2638
CLFD,"Clearfield, Inc.",182
CLIR,ClearSign Technologies Corporation,18
CLMT,"Calumet Specialty Products Partners, L.P.",613
CLNE,Clean Energy Fuels Corp.,96
CLPT,"ClearPoint Neuro, Inc.",33
CLRB,"Cellectar Biosciences, Inc.",19
CLRO,"ClearOne, Inc.",165
CLW,Clearwater Paper Corporation,3300
CLX,The Clorox Company,7700
CMCO,Columbus McKinnon Corporation,2747
CMCSA,Comcast Corporation,153000
CMCT,Creative Media & Community Trust Corporation,540
CME,CME Group Inc.,2530
CMI,Cummins Inc.,55200
CMLS,Cumulus Media Inc.,5618
CMP,"Compass Minerals International, Inc.",1984
CMPR,Cimpress plc,887
CMRX,"Chimerix, Inc.",131
CMT,"Core Molding Technologies, Inc.",1525
CMTL,Comtech Telecommunications Corp.,978
CNA,CNA Financial Corporation,6900
CNC,Centene Corporation,18200
CNET,ZW Data Action Technologies Inc.,383
CNFR,"Conifer Holdings, Inc.",133
CNFRL,"Conifer Holdings, Inc. - Senior",133
CNI,Canadian National Railway Company,23172
CNK,"Cinemark Holdings, Inc.",19300
CNMD,CONMED Corporation,3400
CNO,"CNO Financial Group, Inc.",3500
CNP,"CenterPoint Energy, Inc.",7505
CNS,"Cohen & Steers, Inc.",275
CNSL,"Consolidated Communications Holdings, Inc.",1783
CNTY,"Century Casinos, Inc.",1324
CNX,CNX Resources Corporation,3114
COCP,"Cocrystal Pharma, Inc.",23
CODI,Compass Diversified,339
COF,Capital One Financial Corporation,45400
COFS,"ChoiceOne Financial Services, Inc.",151
COHN,Cohen & Company Inc.,87
COHR,COHERENT INC,2586
COHU,"Cohu, Inc.",1600
COLB,"Columbia Banking System, Inc.",1868
COLM,Columbia Sportswear Company,5978
COMS,COMSovereign Holding Corp.,4
CONN,"Conn's, Inc.",4300
COO,"The Cooper Companies, Inc.",10200
COOP,Mr. Cooper Group Inc.,4
COP,ConocoPhillips,15900
CORR,"CorEnergy Infrastructure Trust, Inc.",17
CORT,Corcept Therapeutics Incorporated,78
COSM,Cosmos Health Inc.,14
COTY,Coty Inc.,230
CPB,Campbell Soup Company,18600
CPE,Callon Petroleum Company,93
CPHI,"China Pharma Holdings, Inc.",415
CPIX,Cumberland Pharmaceuticals Inc.,78
CPK,Chesapeake Utilities Corporation,832
CPRI,Capri Holdings Limited,5378
CPRT,"Copart, Inc.",4267
CPRX,"Catalyst Pharmaceuticals, Inc.",23
CPSI,"Computer Programs and Systems, Inc.",1500
CPSS,"Consumer Portfolio Services, Inc.",935
CPT,Camden Property Trust,1750
CQP,"Cheniere Energy Partners, L.P.",888
CRAI,"CRA International, Inc.",451
CRBP,"Corbus Pharmaceuticals Holdings, Inc.",12
CRC,California Resources Corporation,1700
CRDF,"Cardiff Oncology, Inc.",72
CREG,Smart Powerr Corp.,1
CRESW,"Cresud Sociedad Anónima Comercial, Inmobiliaria, Financiera y Agropecuaria",2826
CREX,"Creative Realities, Inc.",59
CRI,"Carter's, Inc.",11565
CRIS,"Curis, Inc.",44
CRK,"Comstock Resources, Inc.",125
CRL,"Charles River Laboratories International, Inc.",8600
CRMD,CorMedix Inc.,9
CRMT,"America's Car-Mart, Inc.",1360
CRTO,Criteo S.A.,1841
CRUS,"Cirrus Logic, Inc.",1104
CRVL,CorVel Corporation,3548
CRWS,"Crown Crafts, Inc.",141
CSBR,"Champions Oncology, Inc.",71
CSCO,"Cisco Systems, Inc.",70000
CSGP,"CoStar Group, Inc.",2631
CSGS,"CSG Systems International, Inc.",3277
CSL,Carlisle Companies Incorporated,12000
CSR,Centerspace,433
CSV,"Carriage Services, Inc.",2317
CSWC,Capital Southwest Corporation,17
CSX,CSX Corporation,29000
CTAS,Cintas Corporation,32000
CTBB,Qwest Corp. NT,22000
CTBI,"Community Trust Bancorp, Inc.",984
CTDD,Qwest Corp. 6.75% NT 57,22000
CTG,"Computer Task Group, Incorporated",3600
CTHR,"Charles & Colvard, Ltd.",82
CTIB,Yunhong CTI Ltd.,106
CTLP,"Cantaloupe, Inc.",64
CTLT,"Catalent, Inc.",8700
CTMX,"CytomX Therapeutics, Inc.",65
CTO,"CTO Realty Growth, Inc.",14
CTRA,Coterra Energy Inc.,459
CTRE,"CareTrust REIT, Inc.",46
CTS,CTS Corporation,2883
CTSH,Cognizant Technology Solutions Corporation,221700
CTSO,Cytosorbents Corporation,54
CUBB,"Customers Bancorp, Inc 5.375% S",517
CUBE,CubeSmart,1837
CUBI,"Customers Bancorp, Inc.",517
CULP,"Culp, Inc.",1188
CUTR,"Cutera, Inc.",262
CUZ,Cousins Properties Incorporated,257
CVCO,"Cavco Industries, Inc.",3700
CVCY,Central Valley Community Bancorp,282
CVEO,Civeo Corporation,1900
CVGI,"Commercial Vehicle Group, Inc.",6700
CVGW,"Calavo Growers, Inc.",2064
CVI,"CVR Energy, Inc.",968
CVLG,"Covenant Logistics Group, Inc.",3600
CVLT,"Commvault Systems, Inc.",2287
CVLY,"Codorus Valley Bancorp, Inc.",256
CVR,Chicago Rivet & Machine Co.,234
CVS,CVS Health Corporation,243000
CVV,CVD Equipment Corporation,192
CVX,Chevron Corporation,61500
CW,Curtiss-Wright Corporation,8400
CWBR,"CohBar, Inc.",11
CWCO,Consolidated Water Co. Ltd.,127
CWST,"Casella Waste Systems, Inc.",1900
CWT,California Water Service Group,1155
CXDO,"Crexendo, Inc.",55
CXW,"CoreCivic, Inc.",14055
CYAN,Cyanotech Corporation,113
CYCC,"Cyclacel Pharmaceuticals, Inc.",16
CYCCP,"Cyclacel Pharmaceuticals, Inc.",16
CYH,"Community Health Systems, Inc.",137000
CYRX,"Cryoport, Inc.",27
CYTH,"Cyclo Therapeutics, Inc.",9
CYTHW,"Cyclo Therapeutics, Inc.",9
CYTK,"Cytokinetics, Incorporated",100
CZFS,"Citizens Financial Services, Inc.",229
CZNC,Citizens & Northern Corporation,283
CZR,"Caesars Entertainment, Inc.",7800
CZWI,"Citizens Community Bancorp, Inc.",111
D,"Dominion Energy, Inc.",14700
DAIO,Data I/O Corporation,88
DAKT,"Daktronics, Inc.",2420
DAL,"Delta Air Lines, Inc.",83000
DALN,DallasNews Corporation,60
DAR,Darling Ingredients Inc.,10000
DARE,"Daré Bioscience, Inc.",47
DBVT,DBV Technologies S.A.,91
DCI,"Donaldson Company, Inc.",12500
DCO,Ducommun Incorporated,2900
DCOM,"Dime Community Bancshares, Inc.",433
DCOMP,"Dime Community Bancshares, Inc.",433
DCTH,"Delcath Systems, Inc.",35
DDS,"Dillard's, Inc.",40000
DDT,Dillards Capital Trust I CAP SECS 7.5%,40000
DE,Deere & Company,57200
DEA,"Easterly Government Properties, Inc.",25
DECK,Deckers Outdoor Corporation,3400
DEI,"Douglas Emmett, Inc.",600
DEN,Denbury Inc.,1356
DENN,Denny's Corporation,8500
DEO,Diageo plc,4000
DFFN,Diffusion Pharmaceuticals Inc.,5
DFS,Discover Financial Services,15036
DG,Dollar General Corporation,105500
DGII,Digi International Inc.,565
DGLY,"Digital Ally, Inc.",154
DGX,Quest Diagnostics Incorporated,44000
DHC,Diversified Healthcare Trust,420
DHCNI,Diversified Healthcare Trust  -,420
DHCNL,Diversified Healthcare Trust,420
DHIL,"Diamond Hill Investment Group, Inc.",126
DHR,Danaher Corporation,81000
DHX,"DHI Group, Inc.",190
DIN,"Dine Brands Global, Inc.",975
DIOD,Diodes Incorporated,7695
DISH,DISH Network Corporation,18000
DIT,AMCON Distributing Company,694
DJCO,Daily Journal Corporation,320
DLA,"Delta Apparel, Inc.",7400
DLB,"Dolby Laboratories, Inc.",1867
DLHC,DLH Holdings Corp.,1250
DLPN,"Dolphin Entertainment, Inc.",20
DLR,"Digital Realty Trust, Inc.",1295
DLX,Deluxe Corporation,5341
DMLP,"Dorchester Minerals, L.P.",24
DMRC,Digimarc Corporation,166
DNOW,NOW Inc.,5000
DOC,Physicians Realty Trust,25
DORM,"Dorman Products, Inc.",1846
DOV,Dover Corporation,26000
DRD,DRDGOLD Limited,941
DRH,DiamondRock Hospitality Company,26
DRI,"Darden Restaurants, Inc.",150000
DRIO,DarioHealth Corp.,19
DRRX,DURECT Corporation,106
DSKE,"Daseke, Inc.",3
DSS,"DSS, Inc.",104
DSWL,"Deswell Industries, Inc.",1280
DTB,DTE Energy Company 2020 Series ,10000
DTE,DTE Energy Company,10000
DTG,DTE Energy Company 2021 Series ,10000
DTW,DTE Energy Company JR SUB DB 2017 E,10000
DUK,Duke Energy Corporation,29188
DUKB,Duke Energy Corporation 5.625% ,29188
DUOT,"Duos Technologies Group, Inc.",39
DVA,DaVita Inc.,60400
DVAX,Dynavax Technologies Corporation,234
DVN,Devon Energy Corporation,6600
DWSN,Dawson Geophysical Company,1125
DX,"Dynex Capital, Inc.",20
DXCM,"DexCom, Inc.",1212
DXLG,"Destination XL Group, Inc.",2435
DXPE,"DXP Enterprises, Inc.",1982
DXPE,"DXP Enterprises, Inc.",2460
DXYN,"The Dixie Group, Inc.",1822
DY,"Dycom Industries, Inc.",11159
DYNT,Dynatronics Corporation,129
DZSI,DZS Inc.,246
EAF,GrafTech International Ltd.,1921
EAI,"Entergy Arkansas, Inc. 1M BD 4.875%66",13579
EARN,Ellington Residential Mortgage REIT,160
EAST,"Eastside Distilling, Inc.",16
EAT,"Brinker International, Inc.",53000
EBAY,eBay Inc.,11600
EBF,"Ennis, Inc.",6009
EBIX,"Ebix, Inc.",2707
EBMT,"Eagle Bancorp Montana, Inc.",165
EBS,Emergent BioSolutions Inc.,1292
EBTC,"Enterprise Bancorp, Inc.",426
ECL,Ecolab Inc.,47000
ECPG,"Encore Capital Group, Inc.",6700
EDIT,"Editas Medicine, Inc.",67
EDSA,"Edesa Biotech, Inc.",20
EFC,Ellington Financial Inc.,160
EFOI,"Energy Focus, Inc.",122
EFSC,Enterprise Financial Services Corp,459
EFSCP,Enterprise Financial Services Corp,459
EFX,Equifax Inc.,8000
EGAN,eGain Corporation,123
EGBN,"Eagle Bancorp, Inc.",95900
EGHT,"8x8, Inc.",565
EGIO,"Edgio, Inc.",118
EGLE,Eagle Bulk Shipping Inc.,900
EGP,"EastGroup Properties, Inc.",70
EGY,"VAALCO Energy, Inc.",125
EHTH,"eHealth, Inc.",869
EIG,"Employers Holdings, Inc.",716
EIGR,"Eiger BioPharmaceuticals, Inc.",10
EKSO,"Ekso Bionics Holdings, Inc.",100
EL,The Estée Lauder Companies Inc.,750
ELA,Envela Corporation,69
ELDN,"Eledon Pharmaceuticals, Inc.",24
ELMD,"Electromed, Inc.",97
ELOX,"Eloxx Pharmaceuticals, Inc.",9
ELSE,"Electro-Sensors, Inc.",36
ELV,Elevance Health Inc.,53000
ELYS,"Elys Game Technology, Corp.",15
EMAN,eMagin Corporation,90
EME,"EMCOR Group, Inc.",29000
EMKR,EMCORE Corporation,543
EMN,Eastman Chemical Company,15000
ENG,ENGlobal Corporation,344
ENLC,"EnLink Midstream, LLC",1432
ENOV,Enovis Corporation,13800
ENPH,"Enphase Energy, Inc.",543
ENR,"Energizer Holdings, Inc.",5100
ENS,EnerSys,9500
ENSG,"The Ensign Group, Inc.",16494
ENSV,Enservco Corporation,179
ENTA,"Enanta Pharmaceuticals, Inc.",69
ENTG,"Entegris, Inc.",454
ENV,"Envestnet, Inc.",2665
ENVA,"Enova International, Inc.",1132
ENZ,"Enzo Biochem, Inc.",443
EOG,"EOG Resources, Inc.",2760
EPC,Edgewell Personal Care Company,6000
EPIX,ESSA Pharma Inc.,23
EPM,Evolution Petroleum Corporation,10
EPR,EPR Properties,49
EQBK,"Equity Bancshares, Inc.",297
EQC,Equity Commonwealth,66
EQIX,"Equinix, Inc.",5042
EQR,Equity Residential,3500
EQS,"Equus Total Return, Inc.",1100
EQT,EQT Corporation,1914
ERII,"Energy Recovery, Inc.",114
ES,Eversource Energy,7943
ESE,ESCO Technologies Inc.,2323
ESGR,Enstar Group Limited,1327
ESGRO,Enstar Group Limited,1327
ESGRP,Enstar Group Limited,1327
ESI,Element Solutions Inc,8200
ESNT,Essent Group Ltd.,366
ESOA,Energy Services of America Corporation,612
ESP,Espey Mfg. & Electronics Corp.,150
ESPR,"Esperion Therapeutics, Inc.",32
ESRT,"Empire State Realty Trust, Inc.",850
ESS,"Essex Property Trust, Inc.",1806
ESSA,"ESSA Bancorp, Inc.",248
ESTE,"Earthstone Energy, Inc.",50
ETD,Ethan Allen Interiors Inc.,5000
ETN,Eaton Corporation plc,97000
ETR,Entergy Corporation,13579
ETSY,"Etsy, Inc.",819
EVA,Enviva Inc.,569
EVC,Entravision Communications Corporation,1165
EVH,"Evolent Health, Inc.",946
EVI,"EVI Industries, Inc.",29
EVOK,"Evoke Pharma, Inc.",7
EVR,Evercore Inc.,1400
EVRI,Everi Holdings Inc.,900
EVTC,"EVERTEC, Inc.",1680
EW,Edwards Lifesciences Corporation,9800
EWBC,"East West Bancorp, Inc.",2833
EXC,Exelon Corporation,29762
EXLS,"ExlService Holdings, Inc.",17200
EXP,Eagle Materials Inc.,2000
EXPD,"Expeditors International of Washington, Inc.",15397
EXPE,"Expedia Group, Inc.",18730
EXPI,"eXp World Holdings, Inc.",27
EXPO,"Exponent, Inc.",981
EXPR,"Express, Inc.",18000
EXR,Extra Space Storage Inc.,3209
EXTR,"Extreme Networks, Inc.",1351
EYPT,"EyePoint Pharmaceuticals, Inc.",26
FAF,First American Financial Corporation,17955
FANG,"Diamondback Energy, Inc.",141
FARM,Farmer Bros. Co.,1784
FARO,"FARO Technologies, Inc.",1288
FATE,"Fate Therapeutics, Inc.",60
FBIO,"Fortress Biotech, Inc.",34
FBIOP,"Fortress Biotech, Inc.",34
FBIZ,"First Business Financial Services, Inc.",258
FBMS,"The First Bancshares, Inc.",295
FBNC,First Bancorp,783
FBP,First BanCorp.,2758
FC,Franklin Covey Co.,810
FCAP,"First Capital, Inc.",167
FCBC,"First Community Bankshares, Inc.",673
FCCO,First Community Corporation,186
FCF,First Commonwealth Financial Corporation,1210
FCFS,"FirstCash Holdings, Inc",8600
FCN,"FTI Consulting, Inc.",3516
FCPT,"Four Corners Property Trust, Inc.",334
FCX,Freeport-McMoRan Inc.,34500
FDBC,"Fidelity D & D Bancorp, Inc.",164
FDX,FedEx Corporation,166000
FE,FirstEnergy Corp.,15781
FEIM,"Frequency Electronics, Inc.",430
FENC,Fennec Pharmaceuticals Inc.,3
FET,"Forum Energy Technologies, Inc.",2500
FFBC,First Financial Bancorp.,1471
FFIC,Flushing Financial Corporation,427
FFIN,"First Financial Bankshares, Inc.",1270
FFIV,"F5, Inc.",4178
FFNW,"First Financial Northwest, Inc.",107
FFWM,First Foundation Inc.,295
FGBI,"First Guaranty Bancshares, Inc.",12000
FGBIP,"First Guaranty Bancshares, Inc.",12000
FGEN,"FibroGen, Inc.",353
FGF,"FG Financial Group, Inc.",22
FGFPP,"FG Financial Group, Inc.",22
FHI,"Federated Hermes, Inc.",1443
FHN,First Horizon Corporation,4293
FIBK,"First Interstate BancSystem, Inc.",1742
FIS,"Fidelity National Information Services, Inc.",55000
FISI,"Financial Institutions, Inc.",691
FIVN,"Five9, Inc.",167
FIX,"Comfort Systems USA, Inc.",7301
FIZZ,National Beverage Corp.,1200
FKWL,Franklin Wireless Corp.,66
FL,"Foot Locker, Inc.",14567
FLIC,The First of Long Island Corporation,302
FLS,Flowserve Corporation,19000
FLT,"FLEETCOR Technologies, Inc.",5330
FLUX,"Flux Power Holdings, Inc.",19
FLXS,"Flexsteel Industries, Inc.",1340
FMBH,"First Mid Bancshares, Inc.",513
FMNB,Farmers National Banc Corp.,432
FN,Fabrinet,6845
FNB,F.N.B. Corporation,2747
FNCB,"FNCB Bancorp, Inc.",269
FNF,"Fidelity National Financial, Inc.",54091
FNLC,"The First Bancorp, Inc.",223
FNWB,First Northwest Bancorp,157
FNWD,Finward Bancorp,5
FOLD,"Amicus Therapeutics, Inc.",185
FONR,FONAR Corporation,465
FOR,Forestar Group Inc.,106
FORD,"Forward Industries, Inc.",15
FORR,"Forrester Research, Inc.",524
FOSL,"Fossil Group, Inc.",15200
FOSLL,"Fossil Group, Inc. 7% Senior Notes due 2026",15200
FOXF,Fox Factory Holding Corp.,1500
FPAY,"FlexShopper, Inc.",90
FPI,Farmland Partners Inc.,13
FR,"First Industrial Realty Trust, Inc.",170
FRAF,Franklin Financial Services Corporation,250
FRD,"Friedman Industries, Incorporated",100
FRG,"Franchise Group, Inc.",1026
FRGAP,"Franchise Group, Inc.",1026
FRME,First Merchants Corporation,1529
FRMEP,First Merchants Corporation,1529
FRPH,"FRP Holdings, Inc.",18
FRPT,"Freshpet, Inc.",190
FRST,Primis Financial Corp.,181
FRT,Federal Realty Investment Trust,299
FSBW,"FS Bancorp, Inc.",239
FSFG,"First Savings Financial Group, Inc.",148
FSI,"Flexible Solutions International, Inc.",29
FSLR,"First Solar, Inc.",6350
FSP,Franklin Street Properties Corp.,40
FSS,Federal Signal Corporation,2200
FSTR,L.B. Foster Company,1406
FTEK,"Fuel Tech, Inc.",182
FTFT,Future FinTech Group Inc.,20
FTK,"Flotek Industries, Inc.",534
FTNT,"Fortinet, Inc.",4018
FUBO,fuboTV Inc.,4
FUL,H.B. Fuller Company,4400
FULT,Fulton Financial Corporation,3460
FULTP,Fulton Financial Corporation,3460
FUN,"Cedar Fair, L.P.",1900
FUNC,First United Corporation,364
FUSB,"First US Bancshares, Inc.",173
FWRD,Forward Air Corporation,3439
FXNC,First National Corporation,187
FYBR,"Frontier Communications Parent, Inc.",19200
G,Genpact Limited,72000
GABC,"German American Bancorp, Inc.",596
GAIA,"Gaia, Inc.",286
GAIN,Gladstone Investment Corporation,63
GAINN,Gladstone Investment Corporation 5.00% Notes Due 2026,63
GAINZ,Gladstone Investment Corporation 4.875% Notes due 2028,63
GALT,Galectin Therapeutics Inc.,7
GATX,GATX Corporation,2253
GBLI,"Global Indemnity Group, LLC",460
GBX,"The Greenbrier Companies, Inc.",10689
GCBC,"Greene County Bancorp, Inc.",124
GCI,"Gannett Co., Inc.",9509
GCO,Genesco Inc.,27325
GCTK,"GlucoTrack, Inc.",29
GD,General Dynamics Corporation,99900
GDDY,GoDaddy Inc.,4761
GDEN,"Golden Entertainment, Inc.",2563
GDOT,Green Dot Corporation,1012
GE,General Electric Company,333000
GE,General Electric Company,305000
GEF,"Greif, Inc.",13150
GEL,"Genesis Energy, L.P.",1400
GENC,"Gencor Industries, Inc.",216
GENE,Genetic Technologies Limited,25
GEO,"The GEO Group, Inc.",15806
GEOS,Geospace Technologies Corporation,978
GERN,Geron Corporation,17
GES,"Guess', Inc.",13700
GEVO,"Gevo, Inc.",59
GFF,Griffon Corporation,1800
GGE,Green Giant Inc.,124
GGG,Graco Inc.,3200
GHC,Graham Holdings Company,7400
GHL,"Greenhill & Co., Inc.",41
GHM,Graham Corporation,397
GIB,CGI Inc.,65000
GIC,Global Industrial Company,1700
GIFI,"Gulf Island Fabrication, Inc.",1255
GIII,"G-III Apparel Group, Ltd.",1950
GILD,"Gilead Sciences, Inc.",8000
GKOS,Glaukos Corporation,182
GL,Globe Life Inc.,3115
GLAD,Gladstone Capital Corporation,64
GLBZ,Glen Burnie Bancorp,93
GLDD,Great Lakes Dredge & Dock Corporation,18
GLG,"TD Holdings, Inc.",11
GLRE,"Greenlight Capital Re, Ltd.",30
GLT,Glatfelter Corporation,4375
GLW,Corning Incorporated,35700
GLYC,"GlycoMimetics, Inc.",38
GME,GameStop Corp.,18000
GMED,"Globus Medical, Inc.",1200
GNE,Genie Energy Ltd.,53
GNK,Genco Shipping & Trading Limited,39
GNRC,Generac Holdings Inc.,3156
GNSS,Genasys Inc.,44
GNTX,Gentex Corporation,4757
GNW,"Genworth Financial, Inc.",4100
GOGO,Gogo Inc.,1073
GOOD,Gladstone Commercial Corporation,66
GOODN,Gladstone Commercial Corporation,66
GOOG,Alphabet Inc.,61814
GOOGL,Alphabet Inc.,61814
GORO,Gold Resource Corporation,12
GOVX,"GeoVax Labs, Inc.",6
GOVXW,"GeoVax Labs, Inc.",6
GPC,Genuine Parts Company,39600
GPI,"Group 1 Automotive, Inc.",12886
GPK,Graphic Packaging Holding Company,12000
GPN,Global Payments Inc.,4438
GPOR,Gulfport Energy Corporation,230
GPP,Green Plains Partners LP,15
GPRO,"GoPro, Inc.",1539
GRBK,"Green Brick Partners, Inc.",200
GRC,The Gorman-Rupp Company,1274
GRNQ,Greenpro Capital Corp.,28
GROW,"U.S. Global Investors, Inc.",40
GSAT,"Globalstar, Inc.",325
GSBC,"Great Southern Bancorp, Inc.",1270
GSIT,"GSI Technology, Inc.",138
GTBP,"GT Biopharma, Inc.",2
GTE,Gran Tierra Energy Inc.,301
GTIM,Good Times Restaurants Inc.,1431
GTLS,"Chart Industries, Inc.",4266
GTN,"Gray Television, Inc.",3495
GTY,Getty Realty Corp.,32
GURE,"Gulf Resources, Inc.",738
GVP,"GSE Systems, Inc.",268
GWAV,"Greenwave Technology Solutions, Inc.",33
GWRE,"Guidewire Software, Inc.",406
GWW,"W.W. Grainger, Inc.",2300
H,Hyatt Hotels Corporation,45000
HAFC,Hanmi Financial Corporation,609
HAIN,"The Hain Celestial Group, Inc.",6307
HAL,Halliburton Company,65000
HALL,"Hallmark Financial Services, Inc.",411
HALO,"Halozyme Therapeutics, Inc.",216
HAS,"Hasbro, Inc.",5000
HASI,"Hannon Armstrong Sustainable Infrastructure Capital, Inc.",32
HAYN,"Haynes International, Inc.",1147
HBI,Hanesbrands Inc.,59500
HBIO,"Harvard Bioscience, Inc.",437
HBNC,"Horizon Bancorp, Inc.",558
HCA,"HCA Healthcare, Inc.",233000
HCI,"HCI Group, Inc.",225
HCKT,"The Hackett Group, Inc.",904
HCXY,"Hercules Capital, Inc.",63
HD,"The Home Depot, Inc.",371000
HDSN,"Hudson Technologies, Inc.",10
HEAR,Turtle Beach Corporation,221
HEES,"H&E Equipment Services, Inc.",2045
HEI,HEICO Corporation,4600
HELE,Helen of Troy Limited,1640
HEP,"Holly Energy Partners, L.P.",245
HEPA,"Hepion Pharmaceuticals, Inc.",14
HES,Hess Corporation,2770
HFBL,"Home Federal Bancorp, Inc. of Louisiana",58
HFWA,Heritage Financial Corporation,717
HGBL,Heritage Global Inc.,52
HHC,The Howard Hughes Corporation,1000
HHS,"Harte Hanks, Inc.",5529
HI,"Hillenbrand, Inc.",6000
HIBB,"Hibbett, Inc.",3200
HIG,"The Hartford Financial Services Group, Inc.",17400
HIHO,Highway Holdings Limited,83
HII,"Huntington Ingalls Industries, Inc.",36000
HIW,"Highwoods Properties, Inc.",447
HL,Hecla Mining Company,1404
HLF,Herbalife Nutrition Ltd.,8000
HLIT,Harmonic Inc.,989
HLX,"Helix Energy Solutions Group, Inc.",1445
HLX,"Helix Energy Solutions Group, Inc.",1800
HMC,"Honda Motor Co., Ltd.",199368
HMNF,"HMN Financial, Inc.",194
HMST,"HomeStreet, Inc.",2139
HNI,HNI Corporation,11000
HNNA,"Hennessy Advisors, Inc.",21
HNNAZ,"Hennessy Advisors, Inc. 4.875% Notes due 2026",21
HNRG,Hallador Energy Company,740
HOFT,Hooker Furnishings Corporation,674
HOG,"Harley-Davidson, Inc.",5700
HOLI,Hollysys Automation Technologies Ltd.,3600
HOLX,"Hologic, Inc.",5290
HOMB,"Home Bancshares, Inc. (Conway, AR)",1424
HON,Honeywell International Inc.,129000
HOPE,"Hope Bancorp, Inc.",938
HOUS,Anywhere Real Estate Inc.,11400
HOV,"Hovnanian Enterprises, Inc.",2078
HOVNP,"Hovnanian Enterprises, Inc. PFD DEP1/1000A",2078
HP,"Helmerich & Payne, Inc.",5803
HPE,Hewlett Packard Enterprise Company,240000
HPP,"Hudson Pacific Properties, Inc.",234
HPQ,HP Inc.,287000
HQI,"HireQuest, Inc.",32600
HR,Healthcare Realty Trust Incorporated,181
HRI,Herc Holdings Inc.,30000
HROW,"Harrow Health, Inc.",112
HROWL,"Harrow Health, Inc. 8.625% Senior Notes due 2026",112
HRTG,"Heritage Insurance Holdings, Inc.",247
HRTX,"Heron Therapeutics, Inc.",148
HSDT,"Helius Medical Technologies, Inc.",3
HSII,"Heidrick & Struggles International, Inc.",139
HSON,"Hudson Global, Inc.",1600
HST,"Host Hotels & Resorts, Inc.",240
HSTM,"HealthStream, Inc.",833
HSTO,Histogen Inc.,27
HSY,The Hershey Company,19060
HT,Hersha Hospitality Trust,51
HTBI,"HomeTrust Bancshares, Inc.",475
HTGC,"Hercules Capital, Inc.",63
HTH,Hilltop Holdings Inc.,5300
HTLD,"Heartland Express, Inc.",4200
HTLF,"Heartland Financial USA, Inc.",1799
HTLFP,"Heartland Financial USA, Inc.",1799
HUBG,"Hub Group, Inc.",2633
HUBS,"HubSpot, Inc.",1157
HUM,Humana Inc.,50100
HUN,Huntsman Corporation,15000
HURC,"Hurco Companies, Inc.",769
HURN,Huron Consulting Group Inc.,2671
HUSA,Houston American Energy Corp.,3
HVT,"Haverty Furniture Companies, Inc.",3596
HWC,Hancock Whitney Corporation,60
HWCPZ,Hancock Whitney Corporation - 6,60
HWKN,"Hawkins, Inc.",419
HWM,Howmet Aerospace Inc.,60000
HXL,Hexcel Corporation,5897
HY,"Hyster-Yale Materials Handling, Inc.",5500
HZNP,Horizon Therapeutics Public Limited Company,750
HZO,"MarineMax, Inc.",1289
IART,Integra LifeSciences Holdings Corporation,3500
IBCP,Independent Bank Corporation,674
IBIO,"iBio, Inc.",9
IBKR,"Interactive Brokers Group, Inc.",1087
IBN,ICICI Bank Limited,90486
IBOC,International Bancshares Corporation,2
IBP,"Installed Building Products, Inc.",4510
IBRX,"ImmunityBio, Inc.",31
IBTX,"Independent Bank Group, Inc.",587
ICAD,"iCAD, Inc.",108
ICCC,ImmuCell Corporation,46
ICD,"Independence Contract Drilling, Inc.",305
ICE,"Intercontinental Exchange, Inc.",5549
ICMB,"Investcorp Credit Management BDC, Inc.",5
ICPT,"Intercept Pharmaceuticals, Inc.",405
ICUI,"ICU Medical, Inc.",2446
IDA,"IDACORP, Inc.",2002
IDCC,"InterDigital, Inc.",330
IDEX,"Ideanomics, Inc.",51
IDN,"Intellicheck, Inc.",22
IDT,IDT Corporation,1250
IDXX,"IDEXX Laboratories, Inc.",6800
IEP,Icahn Enterprises L.P.,57437
IESC,"IES Holdings, Inc.",3106
IEX,IDEX Corporation,6801
IFF,International Flavors & Fragrances Inc.,6700
IGC,"India Globalization Capital, Inc.",21
IHT,InnSuites Hospitality Trust,300
III,"Information Services Group, Inc.",1000
IIIN,"Insteel Industries, Inc.",790
IMAX,IMAX Corporation,646
IMGN,"ImmunoGen, Inc.",317
IMMP,Immutep Limited,21
IMMR,Immersion Corporation,156
IMUX,"Immunic, Inc.",78
INBK,First Internet Bancorp,152
INBKZ,First Internet Bancorp - Fixed-,152
INCY,Incyte Corporation,692
INFI,"Infinity Pharmaceuticals, Inc.",222
INFN,Infinera Corporation,2056
INFU,"InfuSystem Holdings, Inc.",261
INFY,Infosys Limited,176187
INGN,"Inogen, Inc.",129
INGR,Ingredion Incorporated,11000
INLX,"Intellinetics, Inc.",20
INN,"Summit Hotel Properties, Inc.",40
INO,"Inovio Pharmaceuticals, Inc.",157
INOD,Innodata Inc.,90
INPX,Inpixon,127
INSE,"Inspired Entertainment, Inc.",3
INSG,Inseego Corp.,1330
INSM,Insmed Incorporated,125
INTC,Intel Corporation,107300
INTG,The InterGroup Corporation,312
INTT,inTEST Corporation,125
INTU,Intuit Inc.,985
INTZ,Intrusion Inc.,24
INUV,"Inuvo, Inc.",52
INVA,"Innoviva, Inc.",13
INVE,"Identiv, Inc.",305
INVO,"INVO Bioscience, Inc.",3
IONS,"Ionis Pharmaceuticals, Inc.",428
IOSP,Innospec Inc.,1300
IOVA,"Iovance Biotherapeutics, Inc.",20
IP,International Paper Company,56000
IPAR,"Inter Parfums, Inc.",311
IPDN,"Professional Diversity Network, Inc.",355
IPG,"The Interpublic Group of Companies, Inc.",49200
IPGP,IPG Photonics Corporation,3740
IPI,"Intrepid Potash, Inc.",893
IPWR,Ideal Power Inc.,28
IQV,IQVIA Holdings Inc.,36100
IRDM,Iridium Communications Inc.,244
IRIX,IRIDEX Corporation,33
IRM,Iron Mountain Incorporated,20000
IRMD,IRadimed Corporation,68
IROQ,"IF Bancorp, Inc.",97
IRS,IRSA Inversiones y Representaciones Sociedad Anónima,1711
IRT,"Independence Realty Trust, Inc.",500
IRWD,"Ironwood Pharmaceuticals, Inc.",474
ISDR,Issuer Direct Corporation,53
ISRG,"Intuitive Surgical, Inc.",3211
ISSC,"Innovative Solutions and Support, Inc.",88
ISTR,Investar Holding Corporation,168
IT,"Gartner, Inc.",7834
ITCI,"Intra-Cellular Therapies, Inc.",39
ITI,"Iteris, Inc.",257
ITIC,Investors Title Company,237
ITP,"IT Tech Packaging, Inc.",605
ITT,ITT Inc.,9700
IVAC,"Intevac, Inc.",271
IVDA,"Iveda Solutions, Inc.",13
IVDAW,"Iveda Solutions, Inc.",13
IVZ,Invesco Ltd.,6490
IX,ORIX Corporation,31035
IZEA,"IZEA Worldwide, Inc.",113
JACK,Jack in the Box Inc.,20700
JAGX,"Jaguar Health, Inc.",24
JAKK,"JAKKS Pacific, Inc.",775
JAN,JanOne Inc.,342
JAZZ,Jazz Pharmaceuticals plc,910
JBHT,"J.B. Hunt Transport Services, Inc.",21562
JBL,Jabil Inc.,161000
JBSS,"John B. Sanfilippo & Son, Inc.",1450
JBT,John Bean Technologies Corporation,4200
JCI,Johnson Controls International plc,57000
JCTCF,Jewett-Cameron Trading Company Ltd.,52
JEF,Jefferies Financial Group Inc.,13300
JLL,Jones Lang LaSalle Incorporated,60000
JNPR,"Juniper Networks, Inc.",9058
JOE,The St. Joe Company,55
JRVR,"James River Group Holdings, Ltd.",367
JSM,Navient Corporation SR NT 6% 121543,7300
JVA,"Coffee Holding Co., Inc.",69
JWN,"Nordstrom, Inc.",67000
JYNT,The Joint Corp.,104
K,Kellogg Company,29790
KAI,Kadant Inc.,1800
KALU,Kaiser Aluminum Corporation,2790
KAMN,Kaman Corporation,5258
KAR,"KAR Auction Services, Inc.",14400
KBR,"KBR, Inc.",22000
KDNY,"Chinook Therapeutics, Inc.",111
KDP,Keurig Dr Pepper Inc.,19000
KE,"Kimball Electronics, Inc.",4300
KEX,Kirby Corporation,4200
KEYS,"Keysight Technologies, Inc.",10250
KFFB,Kentucky First Federal Bancorp,69
KFY,Korn Ferry,894
KINS,"Kingstone Companies, Inc.",69
KIRK,"Kirkland's, Inc.",6312
KKR,KKR & Co. Inc.,1200
KKRS,KKR Group Finance Co. IX LLC 4.,1200
KLAC,KLA Corporation,2390
KMB,Kimberly-Clark Corporation,43000
KMI,"Kinder Morgan, Inc.",11290
KMT,Kennametal Inc.,12700
KN,Knowles Corporation,12000
KNDI,"Kandi Technologies Group, Inc.",557
KO,The Coca-Cola Company,123200
KOPN,Kopin Corporation,175
KOS,Kosmos Energy Ltd.,260
KPRX,"Kiora Pharmaceuticals, Inc.",5
KPTI,Karyopharm Therapeutics Inc.,105
KR,The Kroger Co.,400000
KRC,Kilroy Realty Corporation,232
KRG,Kite Realty Group Trust,145
KRMD,"KORU Medical Systems, Inc.",75
KRNY,Kearny Financial Corp.,410
KSS,Kohl's Corporation,137000
KTCC,Key Tronic Corporation,4866
KTRA,"Kintara Therapeutics, Inc.",4
KURA,"Kura Oncology, Inc.",21
KVHI,"KVH Industries, Inc.",567
KW,"Kennedy-Wilson Holdings, Inc.",495
KWR,Quaker Chemical Corporation,2040
KZIA,Kazia Therapeutics Limited,14
L,Loews Corporation,16700
LAB,Standard BioTools Inc.,584
LAD,"Lithia Motors, Inc.",9574
LADR,Ladder Capital Corp,73
LAKE,"Lakeland Industries, Inc.",1304
LAMR,Lamar Advertising Company,890
LANC,Lancaster Colony Corporation,2600
LAND,Gladstone Land Corporation,66
LANDM,Gladstone Land Corporation,66
LANDO,Gladstone Land Corporation,66
LARK,"Landmark Bancorp, Inc.",291
LAZ,Lazard Ltd,2610
LBAI,"Lakeland Bancorp, Inc.",551
LBRDA,Liberty Broadband Corporation,23800
LBRDK,Liberty Broadband Corporation,23800
LBRDP,Liberty Broadband Corporation,23800
LCNB,LCNB Corp.,280
LCTX,"Lineage Cell Therapeutics, Inc.",1
LCUT,"Lifetime Brands, Inc.",1414
LE,"Lands' End, Inc.",6000
LEDS,SemiLEDs Corporation,274
LEE,"Lee Enterprises, Incorporated",4500
LEG,"Leggett & Platt, Incorporated",20000
LEN,Lennar Corporation,7749
LEVI,Levi Strauss & Co.,12500
LFMD,"LifeMD, Inc.",4
LFMDP,"LifeMD, Inc.",4
LFT,"Lument Finance Trust, Inc.",3
LGIH,"LGI Homes, Inc.",489
LGL,"The LGL Group, Inc.",141
LGMK,"LogicMark, Inc.",17
LGND,Ligand Pharmaceuticals Incorporated,21
LHX,"L3Harris Technologies, Inc.",22300
LIFE,"aTyr Pharma, Inc.",55
LII,Lennox International Inc.,10000
LINC,Lincoln Educational Services Corporation,2398
LIND,"Lindblad Expeditions Holdings, Inc.",368
LINK,"Interlink Electronics, Inc.",112
LIQT,"LiqTech International, Inc.",92
LITE,Lumentum Holdings Inc.,1550
LIVE,Live Ventures Incorporated,300
LKFN,Lakeland Financial Corporation,518
LKQ,LKQ Corporation,8800
LL,"LL Flooring Holdings, Inc.",1842
LLY,Eli Lilly and Company,8730
LMAT,"LeMaitre Vascular, Inc.",356
LMB,"Limbach Holdings, Inc.",2
LMFA,"LM Funding America, Inc.",22
LMNR,Limoneira Company,333
LMT,Lockheed Martin Corporation,126000
LNC,Lincoln National Corporation,9312
LNG,"Cheniere Energy, Inc.",888
LNT,Alliant Energy Corporation,2300
LNTH,"Lantheus Holdings, Inc.",474
LNW,"Light & Wonder, Inc.",8500
LOAN,"Manhattan Bridge Capital, Inc.",4
LOB,"Live Oak Bancshares, Inc.",327
LOCO,"El Pollo Loco Holdings, Inc.",5171
LODE,Comstock Inc.,2
LOGI,Logitech International S.A.,6900
LOPE,"Grand Canyon Education, Inc.",3650
LOW,"Lowe's Companies, Inc.",175000
LPCN,Lipocine Inc.,20
LPG,Dorian LPG Ltd.,50
LPLA,LPL Financial Holdings Inc.,3410
LPSN,"LivePerson, Inc.",1006
LPTH,"LightPath Technologies, Inc.",173
LPX,Louisiana-Pacific Corporation,4800
LRMR,"Larimar Therapeutics, Inc.",46
LRN,"Stride, Inc.",4800
LSAK,"Lesaka Technologies, Inc.",4764
LSBK,"Lake Shore Bancorp, Inc.",104
LSCC,Lattice Semiconductor Corporation,784
LSTR,"Landstar System, Inc.",1223
LTBR,Lightbridge Corporation,7
LTC,"LTC Properties, Inc.",22
LTRPA,"Liberty TripAdvisor Holdings, Inc.",3000
LTRPB,"Liberty TripAdvisor Holdings, Inc.",3000
LTRX,"Lantronix, Inc.",110
LULU,Lululemon Athletica Inc.,8628
LUMN,"Lumen Technologies, Inc.",43000
LUMO,"Lumos Pharma, Inc.",210
LUNA,Luna Innovations Incorporated,500
LVO,"LiveOne, Inc.",60
LVS,Las Vegas Sands Corp.,46500
LWAY,"Lifeway Foods, Inc.",370
LWLG,"Lightwave Logic, Inc.",9
LXP,LXP Industrial Trust,54
LXU,"LSB Industries, Inc.",1928
LYB,LyondellBasell Industries N.V.,13000
LYTS,LSI Industries Inc.,1283
LYV,"Live Nation Entertainment, Inc.",9000
LZB,La-Z-Boy Incorporated,8270
MA,Mastercard Incorporated,11300
MAA,"Mid-America Apartment Communities, Inc.",1949
MAC,The Macerich Company,997
MACK,"Merrimack Pharmaceuticals, Inc.",426
MAIN,Main Street Capital Corporation,50
MAN,ManpowerGroup Inc.,27000
MANH,"Manhattan Associates, Inc.",2930
MANU,Manchester United plc,2275
MAR,"Marriott International, Inc.",127500
MARA,"Marathon Digital Holdings, Inc.",6
MARK,"Remark Holdings, Inc.",238
MAS,Masco Corporation,25000
MASI,Masimo Corporation,1200
MAT,"Mattel, Inc.",31000
MATV,"Mativ Holdings, Inc.",3100
MATW,Matthews International Corporation,10300
MATX,"Matson, Inc.",1663
MAYS,"J.W. Mays, Inc.",29
MBI,MBIA Inc.,170
MBNKP,Medallion Bank,143
MBOT,Microbot Medical Inc.,74
MBUU,"Malibu Boats, Inc.",411
MBWM,Mercantile Bank Corporation,558
MC,Moelis & Company,660
MCBC,Macatawa Bank Corporation,342
MCFT,"MasterCraft Boat Holdings, Inc.",470
MCHP,Microchip Technology Incorporated,9449
MCHX,"Marchex, Inc.",375
MCK,McKesson Corporation,70400
MCRI,"Monarch Casino & Resort, Inc.",2100
MCS,The Marcus Corporation,7100
MCY,Mercury General Corporation,4300
MDGL,"Madrigal Pharmaceuticals, Inc.",33
MDLZ,"Mondelez International, Inc.",99000
MDRX,"Allscripts Healthcare Solutions, Inc.",6900
MDT,Medtronic plc,92000
MDU,"MDU Resources Group, Inc.",8689
MDVL,"MedAvail Holdings, Inc.",8
MDWT,Midwest Holding Inc.,30
MDXG,"MiMedx Group, Inc.",550
MED,"Medifast, Inc.",425
MEDS,"TRxADE HEALTH, Inc.",48
MEIP,"MEI Pharma, Inc.",20
MELI,"MercadoLibre, Inc.",848
MERC,Mercer International Inc.,438
MET,"MetLife, Inc.",69000
META,"Meta Platforms, Inc.",12691
MFIN,Medallion Financial Corp.,143
MG,"Mistras Group, Inc.",5700
MGEE,"MGE Energy, Inc.",708
MGM,MGM Resorts International,5900
MGNI,"Magnite, Inc.",699
MGNX,"MacroGenics, Inc.",269
MGPI,"MGP Ingredients, Inc.",293
MGR,"Affiliated Managers Group, Inc.",3200
MGRB,"Affiliated Managers Group, Inc.",3200
MGRC,McGrath RentCorp,1016
MGRD,"Affiliated Managers Group, Inc.",3200
MGYR,"Magyar Bancorp, Inc.",89
MHK,"Mohawk Industries, Inc.",34100
MHLA,"Maiden Holdings, Ltd. 6.625 NT 2046",204
MHLD,"Maiden Holdings, Ltd.",204
MHNC,"Maiden Holdings North America, Ltd.",204
MHO,"M/I Homes, Inc.",1008
MICS,"The Singing Machine Company, Inc.",26
MIND,"MIND Technology, Inc.",187
MINDP,"MIND Technology, Inc.",187
MINM,"Minim, Inc.",9
MITK,"Mitek Systems, Inc.",85
MITT,"AG Mortgage Investment Trust, Inc.",380
MKC,"McCormick & Company, Incorporated",10000
MKL,Markel Corporation,10600
MKSI,"MKS Instruments, Inc.",2181
MKTX,MarketAxess Holdings Inc.,342
MLAB,"Mesa Laboratories, Inc.",276
MLKN,"MillerKnoll, Inc.",7510
MLM,"Martin Marietta Materials, Inc.",7300
MLP,"Maui Land & Pineapple Company, Inc.",17
MLR,"Miller Industries, Inc.",990
MLSS,Milestone Scientific Inc.,15
MMAT,Meta Materials Inc.,6
MMC,"Marsh & McLennan Companies, Inc.",32600
MMI,"Marcus & Millichap, Inc.",725
MMM,3M Company,89446
MMP,"Magellan Midstream Partners, L.P.",1640
MMS,"Maximus, Inc.",17000
MMSI,"Merit Medical Systems, Inc.",3754
MMYT,MakeMyTrip Limited,1774
MNKD,MannKind Corporation,192
MNOV,"MediciNova, Inc.",10
MNRO,"Monro, Inc.",6557
MNST,Monster Beverage Corporation,1659
MNTX,"Manitex International, Inc.",961
MO,"Altria Group, Inc.",8800
MOBQ,"Mobiquity Technologies, Inc.",30
MOBQW,"Mobiquity Technologies, Inc.",30
MOD,Modine Manufacturing Company,6900
MODN,"Model N, Inc.",721
MODV,ModivCare Inc.,9072
MOFG,"MidWestOne Financial Group, Inc.",648
MOH,"Molina Healthcare, Inc.",21000
MORN,"Morningstar, Inc.",3930
MOS,The Mosaic Company,8900
MOV,"Movado Group, Inc.",1110
MPAA,"Motorcar Parts of America, Inc.",2362
MPB,"Mid Penn Bancorp, Inc.",229
MPLX,MPLX LP,2200
MPW,"Medical Properties Trust, Inc.",50
MPWR,"Monolithic Power Systems, Inc.",1260
MPX,Marine Products Corporation,767
MRC,MRC Global Inc.,4100
MRCY,"Mercury Systems, Inc.",207
MRK,"Merck & Co., Inc.",68000
MRKR,"Marker Therapeutics, Inc.",4
MRNS,"Marinus Pharmaceuticals, Inc.",11
MRTN,"Marten Transport, Ltd.",3577
MRTX,"Mirati Therapeutics, Inc.",47
MSA,MSA Safety Incorporated,4600
MSCI,MSCI Inc.,2754
MSEX,Middlesex Water Company,293
MSFT,Microsoft Corporation,118000
MSI,"Motorola Solutions, Inc.",5000
MSN,Emerson Radio Corp.,41
MSTR,MicroStrategy Incorporated,28000
MTB,M&T Bank Corporation,16331
MTCH,"Match Group, Inc.",5000
MTD,Mettler-Toledo International Inc.,1300
MTDR,Matador Resources Company,151
MTEM,"Molecular Templates, Inc.",26
MTEX,"Mannatech, Incorporated",287
MTH,Meritage Homes Corporation,1409
MTN,"Vail Resorts, Inc.",5200
MTNB,"Matinas BioPharma Holdings, Inc.",10
MTRN,Materion Corporation,2450
MTRX,Matrix Service Company,4826
MTSI,"MACOM Technology Solutions Holdings, Inc.",20
MTW,"The Manitowoc Company, Inc.",11000
MTX,Minerals Technologies Inc.,3868
MTZ,"MasTec, Inc.",15900
MU,"Micron Technology, Inc.",31800
MULN,"Mullen Automotive, Inc.",127
MUR,Murphy Oil Corporation,1258
MUSA,Murphy USA Inc.,9800
MUX,McEwen Mining Inc.,282
MVBF,MVB Financial Corp.,371
MVIS,"MicroVision, Inc.",67
MWA,"Mueller Water Products, Inc.",4100
MX,Magnachip Semiconductor Corporation,3220
MXC,Mexco Energy Corporation,2
MXL,"MaxLinear, Inc.",345
MYE,"Myers Industries, Inc.",2360
MYGN,"Myriad Genetics, Inc.",2038
MYMD,"MyMD Pharmaceuticals, Inc.",36
MYRG,MYR Group Inc.,4075
MYSZ,"My Size, Inc.",500
NAII,"Natural Alternatives International, Inc.",132
NAOV,"NanoVibronix, Inc.",11
NATH,"Nathan's Famous, Inc.",228
NATI,National Instruments Corporation,7441
NAVB,"Navidea Biopharmaceuticals, Inc.",51
NAVI,Navient Corporation,7300
NBIX,"Neurocrine Biosciences, Inc.",120
NBR,Nabors Industries Ltd.,13500
NBSE,"NeuBase Therapeutics, Inc.",16
NBTB,NBT Bancorp Inc.,1721
NC,"NACCO Industries, Inc.",3600
NCLH,Norwegian Cruise Line Holdings Ltd.,2800
NCMI,"National CineMedia, Inc.",634
NCMI,"National CineMedia, Inc.",595
NCR,NCR Corporation,32600
NDAQ,"Nasdaq, Inc.",3824
NDLS,Noodles & Company,10600
NDSN,Nordson Corporation,6232
NE,Noble Corporation,3300
NEE,"NextEra Energy, Inc.",8800
NEM,Newmont Corporation,15600
NEO,"NeoGenomics, Inc.",850
NEOG,Neogen Corporation,1062
NEON,Neonode Inc.,60
NEPH,"Nephros, Inc.",11
NERV,"Minerva Neurosciences, Inc.",9
NEU,NewMarket Corporation,1979
NEWR,"New Relic, Inc.",661
NEWT,Newtek Business Services Corp.,123
NEWTL,Newtek Business Services Corp.,123
NEWTZ,Newtek Business Services Corp. 5.50% Notes Due 2026,123
NEXT,NextDecade Corporation,3
NFBK,"Northfield Bancorp, Inc. (Staten Island, NY)",274
NFG,National Fuel Gas Company,2125
NG,NovaGold Resources Inc.,13
NGL,NGL Energy Partners LP,3100
NGS,"Natural Gas Services Group, Inc.",263
NGVC,"Natural Grocers by Vitamin Cottage, Inc.",2447
NHTC,Natural Health Trends Corp.,133
NHWK,"NightHawk Biosciences, Inc.",25
NI,NiSource Inc.,7596
NIC,"Nicolet Bankshares, Inc.",280
NICK,"Nicholas Financial, Inc.",334
NIMC,NiSource Inc.,7596
NJR,New Jersey Resources Corporation,991
NKE,"NIKE, Inc.",62600
NKSH,"National Bankshares, Inc.",19
NKTR,Nektar Therapeutics,425
NL,"NL Industries, Inc.",512
NLS,"Nautilus, Inc.",470
NLTX,"Neoleukin Therapeutics, Inc.",24
NLY,"Annaly Capital Management, Inc.",8
NMIH,"NMI Holdings, Inc.",243
NMR,"Nomura Holdings, Inc.",15973
NMRD,Nemaura Medical Inc.,8
NNBR,"NN, Inc.",4741
NNI,"Nelnet, Inc.",3400
NNVC,"NanoViricides, Inc.",6
NOG,"Northern Oil and Gas, Inc.",20
NOTV,"Inotiv, Inc.",6
NOV,NOV Inc.,50197
NOVT,Novanta Inc.,1355
NOW,"ServiceNow, Inc.",3686
NPK,"National Presto Industries, Inc.",1090
NPO,"EnPro Industries, Inc.",5400
NR,"Newpark Resources, Inc.",1980
NRC,National Research Corporation,347
NRG,"NRG Energy, Inc.",10468
NRIM,"Northrim BanCorp, Inc.",441
NS,NuStar Energy L.P.,393
NSA,National Storage Affiliates Trust,18
NSIT,"Insight Enterprises, Inc.",5761
NSPR,"InspireMD, Inc.",40
NSS,"NuStar Logistics, L.P. SB NT FX/FL 43",393
NSSC,"Napco Security Technologies, Inc.",1013
NSTG,"NanoString Technologies, Inc.",87
NTAP,"NetApp, Inc.",12810
NTCT,"NetScout Systems, Inc.",1069
NTGR,"NETGEAR, Inc.",337
NTIC,Northern Technologies International Corporation,75
NTIP,"Network-1 Technologies, Inc.",2
NTRA,"Natera, Inc.",716
NTWK,"NetSol Technologies, Inc.",1590
NURO,"NeuroMetrix, Inc.",48
NUTX,"Nutex Health, Inc.",14
NUWE,"Nuwellis, Inc.",38
NUZE,"NuZee, Inc.",3
NVAX,"Novavax, Inc.",443
NVCR,NovoCure Limited,318
NVDA,NVIDIA Corporation,9228
NVEC,NVE Corporation,49
NVEE,"NV5 Global, Inc.",975
NVFY,"Nova LifeStyle, Inc.",726
NVIV,InVivo Therapeutics Holdings Corp.,30
NVR,"NVR, Inc.",4300
NVRO,Nevro Corp.,308
NVS,Novartis AG,9500
NWBI,"Northwest Bancshares, Inc.",2007
NWE,NorthWestern Corporation,1608
NWFL,Norwood Financial Corp.,136
NWL,Newell Brands Inc.,17200
NWLI,"National Western Life Group, Inc.",261
NWPX,Northwest Pipe Company,676
NWS,News Corporation,25000
NWSA,News Corporation,25000
NX,Quanex Building Products Corporation,2693
NXGN,"NextGen Healthcare, Inc.",2939
NXPI,NXP Semiconductors N.V.,8831
NXPL,NextPlat Corp,3
NXPLW,NextPlat Corp,3
NXST,"Nexstar Media Group, Inc.",4422
NXTP,"NextPlay Technologies, Inc.",500
NYMT,"New York Mortgage Trust, Inc.",7
NYMTL,"New York Mortgage Trust, Inc.",7
NYMTM,"New York Mortgage Trust, Inc.",7
NYMTN,"New York Mortgage Trust, Inc.",7
NYMTZ,"New York Mortgage Trust, Inc.",7
NYT,The New York Times Company,3560
O,Realty Income Corporation,132
OBLG,"Oblong, Inc.",96
OC,Owens Corning,15000
OCC,Optical Cable Corporation,342
OCFC,OceanFirst Financial Corp.,336
OCFCP,OceanFirst Financial Corp.,336
OCGN,"Ocugen, Inc.",49
OCUL,"Ocular Therapeutix, Inc.",94
OCUP,"Ocuphire Pharma, Inc.",20
OCX,OncoCyte Corporation,9
ODC,Oil-Dri Corporation of America,797
ODFL,"Old Dominion Freight Line, Inc.",4903
ODP,The ODP Corporation,49000
OEC,Orion Engineered Carbons S.A.,1527
OESX,"Orion Energy Systems, Inc.",191
OFC,Corporate Office Properties Trust,383
OFG,OFG Bancorp,1466
OFIX,Orthofix Medical Inc.,927
OFLX,"Omega Flex, Inc.",132
OFS,OFS Capital Corporation,40
OFSSH,OFS Capital Corporation 4.95% Notes due 2028,40
OGE,OGE Energy Corp.,2586
OGEN,"Oragenics, Inc.",15
OGS,"ONE Gas, Inc.",3400
OHI,"Omega Healthcare Investors, Inc.",58
OIG,"Orbital Infrastructure Group, Inc.",352
OII,"Oceaneering International, Inc.",11000
OIS,"Oil States International, Inc.",3586
OKE,"ONEOK, Inc.",2364
OLN,Olin Corporation,6200
OMC,Omnicom Group Inc.,74900
OMCL,"Omnicell, Inc.",1451
OMER,Omeros Corporation,162
OMEX,"Odyssey Marine Exploration, Inc.",22
OMF,"OneMain Holdings, Inc.",11400
OMI,"Owens & Minor, Inc.",5800
OMQS,OMNIQ Corp.,151
ON,ON Semiconductor Corporation,24500
ONB,Old National Bancorp,2652
ONBPO,Old National Bancorp,2652
ONBPP,Old National Bancorp,2652
ONCT,"Oncternal Therapeutics, Inc.",29
ONTO,Onto Innovation Inc.,518
ONTX,"Onconova Therapeutics, Inc.",36
ONVO,"Organovo Holdings, Inc.",82
OPGN,"OpGen, Inc.",48
OPHC,"OptimumBank Holdings, Inc.",17
OPI,Office Properties Income Trust,420
OPINL,Office Properties Income Trust,420
OPK,"OPKO Health, Inc.",5936
OPOF,Old Point Financial Corporation,296
OPRX,OptimizeRx Corporation,12
OPTT,"Ocean Power Technologies, Inc.",33
OPY,Oppenheimer Holdings Inc.,100
ORA,"Ormat Technologies, Inc.",1060
ORCL,Oracle Corporation,132000
ORGS,Orgenesis Inc.,41
ORN,"Orion Group Holdings, Inc.",1200
ORRF,"Orrstown Financial Services, Inc.",294
OSG,"Overseas Shipholding Group, Inc.",890
OSIS,"OSI Systems, Inc.",5810
OSK,Oshkosh Corporation,13300
OSPN,OneSpan Inc.,545
OSTK,"Overstock.com, Inc.",1900
OSUR,"OraSure Technologies, Inc.",326
OTRK,"Ontrak, Inc.",73
OTRKP,"Ontrak, Inc.",73
OTTR,Otter Tail Corporation,2005
OUT,Outfront Media Inc.,2581
OVBC,Ohio Valley Banc Corp.,248
OVLY,Oak Valley Bancorp,167
OXBR,Oxbridge Re Holdings Limited,2
OXM,"Oxford Industries, Inc.",5400
OXY,Occidental Petroleum Corporation,11100
PAA,"Plains All American Pipeline, L.P.",5400
PACB,"Pacific Biosciences of California, Inc.",394
PAGP,"Plains GP Holdings, L.P.",5400
PALI,"Palisade Bio, Inc.",33
PALT,"Paltalk, Inc.",24
PANL,"Pangaea Logistics Solutions, Ltd.",72
PANW,"Palo Alto Networks, Inc.",2637
PAR,PAR Technology Corporation,1010
PARA,Paramount Global,16260
PARAA,Paramount Global,16260
PARAP,Paramount Global,16260
PARR,"Par Pacific Holdings, Inc.",744
PATI,"Patriot Transportation Holding, Inc.",979
PATK,"Patrick Industries, Inc.",3542
PAVM,PAVmed Inc.,2
PAVMZ,PAVmed Inc,2
PAYC,"Paycom Software, Inc.",1461
PAYS,"PaySign, Inc.",32
PAYX,"Paychex, Inc.",13000
PBF,PBF Energy Inc.,2270
PBH,Prestige Consumer Healthcare Inc.,187
PBHC,"Pathfinder Bancorp, Inc.",118
PBI,Pitney Bowes Inc.,10500
PBLA,"Panbela Therapeutics, Inc.",9
PBPB,Potbelly Corporation,7000
PBYI,"Puma Biotechnology, Inc.",156
PCAR,PACCAR Inc,23000
PCH,PotlatchDeltic Corporation,927
PCRX,"Pacira BioSciences, Inc.",487
PCTI,"PCTEL, Inc.",491
PCTY,Paylocity Holding Corporation,1320
PCYG,"Park City Group, Inc.",68
PCYO,Pure Cycle Corporation,7
PDCO,"Patterson Companies, Inc.",7000
PDEX,"Pro-Dex, Inc.",66
PDFS,"PDF Solutions, Inc.",390
PDM,"Piedmont Office Realty Trust, Inc.",143
PDSB,PDS Biotechnology Corporation,24
PEAK,"Healthpeak Properties, Inc.",187
PEB,Pebblebrook Hotel Trust,27
PEBK,"Peoples Bancorp of North Carolina, Inc.",284
PEBO,Peoples Bancorp Inc.,817
PED,PEDEVCO Corp.,11
PED,PEDEVCO Corp.,15
PEG,Public Service Enterprise Group Incorporated,13025
PEGA,Pegasystems Inc.,3333
PEGY,Pineapple Energy Inc.,674
PEN,"Penumbra, Inc.",1100
PESI,"Perma-Fix Environmental Services, Inc.",262
PETS,"PetMed Express, Inc.",182
PETV,"PetVivo Holdings, Inc.",4
PFC,Premier Financial Corp.,586
PFE,Pfizer Inc.,97900
PFG,"Principal Financial Group, Inc.",14895
PFH,CABCO Trust for JC Penney Debentures,49384
PFIE,"Profire Energy, Inc.",111
PFIN,"P&F Industries, Inc.",164
PFMT,Performant Financial Corporation,1218
PFS,"Provident Financial Services, Inc.",951
PFSW,"PFSweb, Inc.",2100
PFX,PhenixFIN Corporation,42
PFXNZ,PhenixFIN Corporation  5.25% Notes due 2028,42
PG,The Procter & Gamble Company,14300
PGC,Peapack-Gladstone Financial Corporation,316
PGEN,"Precigen, Inc.",640
PGR,The Progressive Corporation,620
PGRE,"Paramount Group, Inc.",319
PGTI,"PGT Innovations, Inc.",1900
PH,Parker-Hannifin Corporation,54750
PHIO,Phio Pharmaceuticals Corp.,16
PHX,PHX Minerals Inc.,21
PII,Polaris Inc.,750
PINC,"Premier, Inc.",1800
PIPR,Piper Sandler Companies,1192
PIRS,"Pieris Pharmaceuticals, Inc.",38
PJT,PJT Partners Inc.,353
PKBK,"Parke Bancorp, Inc.",65
PKE,Park Aerospace Corp.,461
PKG,Packaging Corporation of America,13000
PKOH,Park-Ohio Holdings Corp.,6000
PLAB,"Photronics, Inc.",1550
PLAG,Planet Green Holdings Corp.,3150
PLAY,"Dave & Buster's Entertainment, Inc.",140
PLBC,Plumas Bancorp,151
PLCE,"The Children's Place, Inc.",16000
PLNT,"Planet Fitness, Inc.",756
PLOW,"Douglas Dynamics, Inc.",1104
PLPC,Preformed Line Products Company,2645
PLUG,Plug Power Inc.,439
PLUR,Pluri Inc.,160
PLUS,ePlus inc.,986
PLX,"Protalix BioTherapeutics, Inc.",223
PLXS,Plexus Corp.,14000
PM,Philip Morris International Inc.,80200
PMCB,"PharmaCyte Biotech, Inc.",4
PMD,Psychemedics Corporation,154
PMTS,CPI Card Group Inc.,1386
PNBK,"Patriot National Bancorp, Inc.",95
PNFP,"Pinnacle Financial Partners, Inc.",1065
PNFPP,"Pinnacle Financial Partners, Inc.",1065
PNM,"PNM Resources, Inc.",561
PNR,Pentair plc,27600
PNRG,PrimeEnergy Resources Corporation,180
POAI,Predictive Oncology Inc.,12
PODD,Insulet Corporation,647
POOL,Pool Corporation,3800
POR,Portland General Electric Company,2646
POST,"Post Holdings, Inc.",8500
POWI,"Power Integrations, Inc.",595
POWL,"Powell Industries, Inc.",2803
PPBI,"Pacific Premier Bancorp, Inc.",332
PPC,Pilgrim's Pride Corporation,39000
PPG,"PPG Industries, Inc.",500
PPIH,"Perma-Pipe International Holdings, Inc.",1040
PPSI,"Pioneer Power Solutions, Inc.",449
PRA,ProAssurance Corporation,938
PRDO,Perdoceo Education Corporation,6687
PRFT,"Perficient, Inc.",2678
PRGS,Progress Software Corporation,1766
PRI,"Primerica, Inc.",1764
PRIM,Primoris Services Corporation,1209
PRK,Park National Corporation,1793
PRLB,"Proto Labs, Inc.",1549
PRMW,Primo Water Corporation,9193
PROV,"Provident Financial Holdings, Inc.",528
PRPH,"ProPhase Labs, Inc.",54
PRPL,"Purple Innovation, Inc.",2
PRS,"Prudential Financial, Inc. 5.62",49384
PRSO,Peraso Inc.,104
PRTA,Prothena Corporation plc,66
PRTK,"Paratek Pharmaceuticals, Inc.",41
PRTS,"CarParts.com, Inc.",704
PRU,"Prudential Financial, Inc.",49384
PSA,Public Storage,5300
PSMT,"PriceSmart, Inc.",7592
PSTV,"Plus Therapeutics, Inc.",80
PSX,Phillips 66,14000
PTC,PTC Inc.,5982
PTCT,"PTC Therapeutics, Inc.",320
PTEN,"Patterson-UTI Energy, Inc.",3400
PTMN,Portman Ridge Finance Corporation,24
PTN,"Palatin Technologies, Inc.",18
PTSI,"P.A.M. Transportation Services, Inc.",3049
PTVE,Pactiv Evergreen Inc.,30000
PULM,"Pulmatrix, Inc.",18
PULM,"Pulmatrix, Inc.",5
PVH,PVH Corp.,17600
PWOD,"Penns Woods Bancorp, Inc.",233
PWR,"Quanta Services, Inc.",24500
PXD,Pioneer Natural Resources Company,3732
PXLW,"Pixelworks, Inc.",215
PYPL,"PayPal Holdings, Inc.",16800
PZG,Paramount Gold Nevada Corp.,6
PZZA,"Papa John's International, Inc.",22350
QCOM,QUALCOMM Incorporated,33000
QCRH,"QCR Holdings, Inc.",406
QLGN,"Qualigen Therapeutics, Inc.",8
QLYS,"Qualys, Inc.",510
QMCO,Quantum Corporation,1250
QNST,"QuinStreet, Inc.",638
QRHC,Quest Resource Holding Corporation,112
QRVO,"Qorvo, Inc.",6700
QSR,Restaurant Brands International Inc.,4300
QTWO,"Q2 Holdings, Inc.",658
QUAD,"Quad/Graphics, Inc.",435000
QUOT,Quotient Technology Inc.,618
QURE,uniQure N.V.,198
QVCC,"QVC, Inc. 6.250% Senior Secured",17600
QVCD,"QVC, Inc. 6.375% Senior Secured",17600
R,"Ryder System, Inc.",33100
RAD,Rite Aid Corporation,89000
RAIL,"FreightCar America, Inc.",1662
RAMP,"LiveRamp Holdings, Inc.",4320
RAND,Rand Capital Corporation,4
RARE,Ultragenyx Pharmaceutical Inc.,249
RAVE,"RAVE Restaurant Group, Inc.",557
RBA,Ritchie Bros. Auctioneers Incorporated,1522
RBCAA,"Republic Bancorp, Inc.",785
RC,Ready Capital Corporation,246
RCA,Ready Capital Corporation 7.00%,246
RCB,Ready Capital Corporation,246
RCC,Ready Capital Corporation 5.75%,246
RCKT,"Rocket Pharmaceuticals, Inc.",17
RCKY,"Rocky Brands, Inc.",2447
RCL,Royal Caribbean Cruises Ltd.,66000
RCON,"Recon Technology, Ltd.",80
RCRT,"Recruiter.com Group, Inc.",4
RCRTW,"Recruiter.com Group, Inc.",4
RDN,Radian Group Inc.,1881
RDNT,"RadNet, Inc.",56
RDY,Dr. Reddy's Laboratories Limited,152
REFR,Research Frontiers Incorporated,12
REG,Regency Centers Corporation,371
REGN,"Regeneron Pharmaceuticals, Inc.",4300
REI,"Ring Energy, Inc.",31
RELL,"Richardson Electronics, Ltd.",155
REPX,"Riley Exploration Permian, Inc.",250000
RES,"RPC, Inc.",3100
REX,REX American Resources Corporation,106
REXR,"Rexford Industrial Realty, Inc.",70
RF,Regions Financial Corporation,23916
RFIL,"RF Industries, Ltd.",226
RGA,"Reinsurance Group of America, Incorporated",2201
RGCO,"RGC Resources, Inc.",125
RGEN,Repligen Corporation,168
RGLD,"Royal Gold, Inc.",20
RGLS,Regulus Therapeutics Inc.,92
RGNX,REGENXBIO Inc.,56
RGP,"Resources Connection, Inc.",3258
RGR,"Sturm, Ruger & Company, Inc.",115
RH,RH,4000
RHE,"Regional Health Properties, Inc.",31
RHI,Robert Half International Inc.,16100
RIBT,RiceBran Technologies,72
RICK,"RCI Hospitality Holdings, Inc.",2150
RIG,Transocean Ltd.,9100
RIGL,"Rigel Pharmaceuticals, Inc.",126
RILY,"B. Riley Financial, Inc.",217
RILYG,"B. Riley Financial, Inc. 5.00% Senior Notes due 2026",217
RILYK,"B. Riley Financial, Inc. 5.50% Senior Notes Due 2026",217
RILYL,"B. Riley Financial, Inc.",217
RILYM,"B. Riley Financial, Inc. - 6.37",217
RILYN,"B. Riley Financial, Inc. - 6.50",217
RILYO,"B. Riley Financial, Inc. - 6.75",217
RILYP,"B. Riley Financial, Inc.",217
RILYT,"B. Riley Financial, Inc. 6.00% Senior Notes Due 2028",217
RILYZ,"B. Riley Financial, Inc. 5.25% Senior Notes due 2028",217
RIOT,"Riot Blockchain, Inc.",5
RJF,"Raymond James Financial, Inc.",11000
RKDA,"Arcadia Biosciences, Inc.",48
RL,Ralph Lauren Corporation,25000
RLGT,"Radiant Logistics, Inc.",760
RLI,RLI Corp.,902
RLJ,RLJ Lodging Trust,56
RLMD,"Relmada Therapeutics, Inc.",11
RM,Regional Management Corp.,1421
RMAX,"RE/MAX Holdings, Inc.",311
RMBS,Rambus Inc.,330
RMCF,"Rocky Mountain Chocolate Factory, Inc.",300
RMD,ResMed Inc.,4340
RMNI,"Rimini Street, Inc.",2
RMR,The RMR Group Inc.,50000
RMTI,"Rockwell Medical, Inc.",300
RNG,"RingCentral, Inc.",759
RNR,RenaissanceRe Holdings Ltd.,376
RNST,Renasant Corporation,1996
ROCK,"Gibraltar Industries, Inc.",2628
ROG,Rogers Corporation,2800
ROIC,Retail Opportunity Investments Corp.,69
ROK,"Rockwell Automation, Inc.",22500
ROP,"Roper Technologies, Inc.",10806
RPD,"Rapid7, Inc.",756
RPM,RPM International Inc.,12864
RPT,RPT Realty,120
RRC,Range Resources Corporation,744
RRGB,"Red Robin Gourmet Burgers, Inc.",28933
RRX,Regal Rexnord Corporation,24100
RS,Reliance Steel & Aluminum Co.,14000
RSSS,"Research Solutions, Inc.",105
RTX,Raytheon Technologies Corporation,197000
RUN,Sunrun Inc.,3380
RUSHA,"Rush Enterprises, Inc.",6700
RUSHB,"Rush Enterprises, Inc.",6700
RVNC,"Revance Therapeutics, Inc.",103
RVP,"Retractable Technologies, Inc.",136
RVSB,"Riverview Bancorp, Inc.",231
RWLK,ReWalk Robotics Ltd.,87
RWT,"Redwood Trust, Inc.",153
RYI,Ryerson Holding Corporation,3200
RZB,"Reinsurance Group of America, Incorporated",2201
RZLT,"Rezolute, Inc.",19
SABR,Sabre Corporation,9100
SABRP,Sabre Corporation,9100
SAFT,"Safety Insurance Group, Inc.",622
SAGE,"Sage Therapeutics, Inc.",62
SAH,"Sonic Automotive, Inc.",9800
SAIC,Science Applications International Corporation,13000
SAL,"Salisbury Bancorp, Inc.",158
SALM,"Salem Media Group, Inc.",1198
SAM,"The Boston Beer Company, Inc.",20
SAMG,Silvercrest Asset Management Group Inc.,109
SANM,Sanmina Corporation,43854
SANW,S&W Seed Company,64
SASI,"Sigma Labs, Inc.",11
SASR,"Sandy Spring Bancorp, Inc.",737
SATS,EchoStar Corporation,4400
SAVA,"Cassava Sciences, Inc.",8
SAVE,"Spirit Airlines, Inc.",4326
SBAC,SBA Communications Corporation,1310
SBCF,Seacoast Banking Corporation of Florida,665
SBEV,"Splash Beverage Group, Inc.",4
SBFG,"SB Financial Group, Inc.",206
SBFM,"Sunshine Biopharma, Inc.",3
SBFMW,"Sunshine Biopharma, Inc.",3
SBGI,"Sinclair Broadcast Group, Inc.",8000
SBOW,"SilverBow Resources, Inc.",228
SBRA,"Sabra Health Care REIT, Inc.",12
SBUX,Starbucks Corporation,81000
SCCO,Southern Copper Corporation,13024
SCHL,Scholastic Corporation,6600
SCHN,"Schnitzer Steel Industries, Inc.",2955
SCHW,The Charles Schwab Corporation,15300
SCL,Stepan Company,2073
SCS,Steelcase Inc.,7000
SCSC,"ScanSource, Inc.",2000
SCU,"Sculptor Capital Management, Inc.",659
SCVL,"Shoe Carnival, Inc.",5900
SCX,The L.S. Starrett Company,1804
SCYX,"SCYNEXIS, Inc.",11
SD,"SandRidge Energy, Inc.",864
SDPI,"Superior Drilling Products, Inc.",66
SEAS,"SeaWorld Entertainment, Inc.",5000
SEB,Seaboard Corporation,10772
SEDG,"SolarEdge Technologies, Inc.",440
SEE,Sealed Air Corporation,23000
SEEL,"Seelos Therapeutics, Inc.",24
SEM,Select Medical Holdings Corporation,22100
SENEA,Seneca Foods Corporation,3400
SENEB,Seneca Foods Corporation,3400
SENS,"Senseonics Holdings, Inc.",39
SF,Stifel Financial Corp.,7100
SFB,Stifel Financial Corporation 5.20% Senior Notes due 2047,7100
SFBC,"Sound Financial Bancorp, Inc.",98
SFBS,"ServisFirst Bancshares, Inc.",371
SFST,"Southern First Bancshares, Inc.",167
SGA,"Saga Communications, Inc.",797
SGBX,"SG Blocks, Inc.",5
SGC,"Superior Group of Companies, Inc.",1278
SGEN,Seagen Inc.,759
SGMA,"SigmaTron International, Inc.",2710
SGMO,"Sangamo Therapeutics, Inc.",119
SGRY,"Surgery Partners, Inc.",5100
SGU,"Star Group, L.P.",3101
SHAK,Shake Shack Inc.,2215
SHBI,"Shore Bancshares, Inc.",293
SHEN,Shenandoah Telecommunications Company,730
SHO,"Sunstone Hotel Investors, Inc.",50
SHOO,"Steven Madden, Ltd.",3578
SHYF,"The Shyft Group, Inc.",600
SIEB,Siebert Financial Corp.,43
SIEN,"Sientra, Inc.",96
SIF,"SIFCO Industries, Inc.",593
SIFY,Sify Technologies Limited,2104
SIGA,"SIGA Technologies, Inc.",29
SIGI,"Selective Insurance Group, Inc.",2200
SIGIP,"Selective Insurance Group, Inc.",2200
SINT,"Sintx Technologies, Inc.",56
SIRI,Sirius XM Holdings Inc.,2323
SITC,SITE Centers Corp.,576
SIX,Six Flags Entertainment Corporation,1900
SJM,The J. M. Smucker Company,7370
SJW,SJW Group,42
SKT,"Tanger Factory Outlet Centers, Inc.",334
SKX,"Skechers U.S.A., Inc.",9200
SKY,Skyline Champion Corporation,1200
SKYW,"SkyWest, Inc.",10411
SKYX,SKYX Platforms Corp.,5
SLAB,Silicon Laboratories Inc.,1107
SLB,Schlumberger Limited,95000
SLCA,"U.S. Silica Holdings, Inc.",996
SLG,SL Green Realty Corp.,1177
SLGN,Silgan Holdings Inc.,2400
SLM,SLM Corporation,1200
SLMBP,SLM Corporation,1200
SLNG,"Stabilis Solutions, Inc.",235
SLNH,"Soluna Holdings, Inc.",34
SLNHP,"Soluna Holdings, Inc.",34
SLNO,"Soleno Therapeutics, Inc.",29
SLP,"Simulations Plus, Inc.",57
SLRX,"Salarius Pharmaceuticals, Inc.",31
SLS,"SELLAS Life Sciences Group, Inc.",22
SM,SM Energy Company,786
SMBC,"Southern Missouri Bancorp, Inc.",289
SMBK,"SmartFinancial, Inc.",225
SMCI,"Super Micro Computer, Inc.",940
SMG,The Scotts Miracle-Gro Company,2500
SMID,Smith-Midland Corporation,205
SMLR,"Semler Scientific, Inc.",37
SMMF,"Summit Financial Group, Inc.",231
SMP,"Standard Motor Products, Inc.",3400
SMSI,"Smith Micro Software, Inc.",191
SMTC,Semtech Corporation,1456
SNA,Snap-on Incorporated,11400
SNDA,"Sonida Senior Living, Inc.",7384
SNEX,StoneX Group Inc.,1231
SNFCA,Security National Financial Corporation,1271
SNGX,"Soligenix, Inc.",19
SNMP,Evolve Transition Infrastructure LP,200
SNOA,"Sonoma Pharmaceuticals, Inc.",97
SNPS,"Synopsys, Inc.",10284
SNV,Synovus Financial Corp.,4452
SNX,TD SYNNEX Corporation,72500
SO,The Southern Company,26703
SOFO,"Sonic Foundry, Inc.",134
SOHO,Sotherly Hotels Inc.,12
SOHOB,Sotherly Hotels Inc.,12
SOHON,Sotherly Hotels Inc.,12
SOHOO,Sotherly Hotels Inc.,12
SOJC,The Southern Company JR 2017B NT 77,26703
SOJD,Southern Company (The) Series 2,26703
SOJE,Southern Company (The) Series 2,26703
SON,Sonoco Products Company,21000
SONN,"Sonnet BioTherapeutics Holdings, Inc.",745
SOTK,Sono-Tek Corporation,53
SPB,"Spectrum Brands Holdings, Inc.",15500
SPG,"Simon Property Group, Inc.",5000
SPGI,S&P Global Inc.,20400
SPH,"Suburban Propane Partners, L.P.",3646
SPLK,Splunk Inc.,1400
SPLP,Steel Partners Holdings L.P.,2125
SPNT,SiriusPoint Ltd.,26
SPOK,"Spok Holdings, Inc.",600
SPR,"Spirit AeroSystems Holdings, Inc.",15200
SPSC,"SPS Commerce, Inc.",1046
SPTN,SpartanNash Company,16100
SPWH,"Sportsman's Warehouse Holdings, Inc.",2100
SPXC,"SPX Technologies, Inc.",6000
SQ,"Block, Inc.",1449
SR,Spire Inc.,3078
SRC,"Spirit Realty Capital, Inc.",71
SRCE,1st Source Corporation,1150
SRCL,"Stericycle, Inc.",14170
SRDX,"Surmodics, Inc.",168
SRE,Sempra,639
SREA,SEMPRA ENERGY,639
SRG,Seritage Growth Properties,21
SRI,"Stoneridge, Inc.",4100
SRPT,"Sarepta Therapeutics, Inc.",270
SRT,"Startek, Inc.",14500
SSD,"Simpson Manufacturing Co., Inc.",2498
SSKN,"STRATA Skin Sciences, Inc.",106
SSNC,"SS&C Technologies Holdings, Inc.",1800
SSNT,"SilverSun Technologies, Inc.",139
SSP,The E.W. Scripps Company,3800
ST,Sensata Technologies Holding plc,19650
STAA,STAAR Surgical Company,300
STAF,"Staffing 360 Solutions, Inc.",3400
STAG,"STAG Industrial, Inc.",68
STBA,"S&T Bancorp, Inc.",1067
STC,Stewart Information Services Corporation,6900
STCN,"Steel Connect, Inc.",2500
STKS,"The ONE Group Hospitality, Inc.",69
STRL,"Sterling Infrastructure, Inc.",1565
STRM,"Streamline Health Solutions, Inc.",123
STRS,Stratus Properties Inc.,114
STRT,Strattec Security Corporation,3420
STX,Seagate Technology Holdings plc,52350
STXS,"Stereotaxis, Inc.",126
STZ,"Constellation Brands, Inc.",7200
SUN,Sunoco LP,11850
SUNW,"Sunworks, Inc.",70
SUP,"Superior Industries International, Inc.",3050
SUPN,"Supernus Pharmaceuticals, Inc.",344
SURG,"SurgePays, Inc.",8
SURGW,"SurgePays, Inc.",8
SVC,Service Properties Trust,400
SVRA,Savara Inc.,28
SVT,"Servotronics, Inc.",304
SWBI,"Smith & Wesson Brands, Inc.",47
SWK,"Stanley Black & Decker, Inc.",50400
SWKH,SWK Holdings Corporation,3
SWKS,"Skyworks Solutions, Inc.",6700
SWN,Southwestern Energy Company,2597
SXC,"SunCoke Energy, Inc.",1125
SXI,Standex International Corporation,5100
SXT,Sensient Technologies Corporation,726
SYBT,"Stock Yards Bancorp, Inc.",555
SYBX,"Synlogic, Inc.",31
SYF,Synchrony Financial,12000
SYK,Stryker Corporation,27000
SYNA,Synaptics Incorporated,1227
SYNH,"Syneos Health, Inc.",6400
SYPR,"Sypris Solutions, Inc.",735
SYY,Sysco Corporation,51700
T,AT&T Inc.,281000
TAP,Molson Coors Beverage Company,9100
TARA,"Protara Therapeutics, Inc.",17
TAYD,"Taylor Devices, Inc.",112
TBB,AT&T Inc. 5.35% GLB NTS 66,281000
TBBK,"The Bancorp, Inc.",762
TBC,AT&T Inc. 5.625% Global Notes d,281000
TBI,"TrueBlue, Inc.",5500
TBNK,Territorial Bancorp Inc.,269
TBPH,"Theravance Biopharma, Inc.",313
TCBI,"Texas Capital Bancshares, Inc.",1329
TCBIO,"Texas Capital Bancshares, Inc.",1329
TCBK,TriCo Bancshares,1011
TCON,"TRACON Pharmaceuticals, Inc.",22
TCRT,"Alaunos Therapeutics, Inc.",28
TCS,"The Container Store Group, Inc.",4900
TCX,Tucows Inc.,325
TDC,Teradata Corporation,11300
TDOC,"Teladoc Health, Inc.",600
TDS,"Telephone and Data Systems, Inc.",10400
TDW,Tidewater Inc.,8500
TECH,Bio-Techne Corporation,1356
TEL,TE Connectivity Ltd.,72000
TELL,Tellurian Inc.,20
TELZ,Tellurian Inc. 8.25% Senior Not,20
TENX,"Tenax Therapeutics, Inc.",11
TER,"Teradyne, Inc.",4100
TEX,Terex Corporation,20400
TFC,Truist Financial Corporation,37200
TG,Tredegar Corporation,66
TGLS,Tecnoglass Inc.,5380
TGNA,TEGNA Inc.,10000
TGT,Target Corporation,347000
THC,Tenet Healthcare Corporation,130000
THFF,First Financial Corporation,896
THG,"The Hanover Insurance Group, Inc.",4800
THM,International Tower Hill Mines Ltd.,10
THMO,"ThermoGenesis Holdings, Inc.",111
THO,"Thor Industries, Inc.",10450
THR,"Thermon Group Holdings, Inc.",991
TIPT,Tiptree Inc.,929
TISI,"Team, Inc.",4800
TITN,Titan Machinery Inc.,2541
TJX,"The TJX Companies, Inc.",198000
TKAT,"Takung Art Co., Ltd.",32
TKR,The Timken Company,750
TLS,Telos Corporation,521
TLYS,"Tilly's, Inc.",1400
TMO,Thermo Fisher Scientific Inc.,52000
TMP,Tompkins Financial Corporation,1038
TMQ,Trilogy Metals Inc.,14
TMST,TimkenSteel Corporation,2600
TMUS,"T-Mobile US, Inc.",50000
TNC,Tennant Company,3164
TNDM,"Tandem Diabetes Care, Inc.",482
TNET,"TriNet Group, Inc.",324000
TNL,Travel + Leisure Co.,37700
TNXP,Tonix Pharmaceuticals Holding Corp.,28
TOL,"Toll Brothers, Inc.",3900
TPCS,TechPrecision Corporation,109
TPH,"Tri Pointe Homes, Inc.",1036
TPHS,Trinity Place Holdings Inc.,6
TPR,"Tapestry, Inc.",500
TPST,"Tempest Therapeutics, Inc.",87
TPX,"Tempur Sealy International, Inc.",7200
TR,"Tootsie Roll Industries, Inc.",2000
TRC,Tejon Ranch Co.,155
TREE,"LendingTree, Inc.",312
TREX,"Trex Company, Inc.",700
TRIP,"Tripadvisor, Inc.",1530
TRKA,"Troika Media Group, Inc.",33
TRKAW,"Troika Media Group, Inc.",33
TRMB,Trimble Inc.,8217
TRMK,Trustmark Corporation,2941
TRN,"Trinity Industries, Inc.",11490
TRNO,Terreno Realty Corporation,18
TRNS,"Transcat, Inc.",443
TROW,"T. Rowe Price Group, Inc.",5999
TROX,Tronox Holdings plc,4400
TRS,TriMas Corporation,4200
TRT,Trio-Tech International,599
TRU,TransUnion,4200
TRUE,"TrueCar, Inc.",574
TRUP,"Trupanion, Inc.",439
TRV,"The Travelers Companies, Inc.",30900
TRVN,"Trevena, Inc.",53
TSBK,"Timberland Bancorp, Inc.",226
TSE,Trinseo PLC,2270
TSLA,"Tesla, Inc.",13058
TSN,"Tyson Foods, Inc.",113000
TSQ,"Townsquare Media, Inc.",2900
TSRI,"TSR, Inc.",287
TT,Trane Technologies plc,45000
TTEC,"TTEC Holdings, Inc.",44000
TTGT,"TechTarget, Inc.",696
TTI,"TETRA Technologies, Inc.",3000
TTMI,"TTM Technologies, Inc.",29570
TTNP,"Titan Pharmaceuticals, Inc.",13
TTOO,"T2 Biosystems, Inc.",168
TTSH,"Tile Shop Holdings, Inc.",1410
TTWO,"Take-Two Interactive Software, Inc.",2840
TUP,Tupperware Brands Corporation,13000
TVC,Tennessee Valley Authority PARRS D 2028,10918
TVE,Tennessee Valley Authority PARRS A 2029,10918
TVTX,"Travere Therapeutics, Inc.",130
TWI,"Titan International, Inc.",6000
TWNK,"Hostess Brands, Inc.",3
TWOU,"2U, Inc.",905
TXMD,"TherapeuticsMD, Inc.",122
TXN,Texas Instruments Incorporated,29977
TXRH,"Texas Roadhouse, Inc.",47900
TXT,Textron Inc.,34000
TYL,"Tyler Technologies, Inc.",3586
TZOO,Travelzoo,473
UA,"Under Armour, Inc.",13400
UAA,"Under Armour, Inc.",13400
UAL,"United Airlines Holdings, Inc.",84000
UAMY,United States Antimony Corporation,27
UAN,"CVR Partners, LP",5
UAVS,"AgEagle Aerial Systems, Inc.",16
UBA,Urstadt Biddle Properties Inc.,49
UBCP,"United Bancorp, Inc.",111
UBFO,United Security Bancshares,129
UBP,Urstadt Biddle Properties Inc.,49
UBSI,"United Bankshares, Inc.",1701
UCBI,"United Community Banks, Inc.",1883
UCBIO,"United Community Banks, Inc.",1883
UCTT,"Ultra Clean Holdings, Inc.",1817
UE,Urban Edge Properties,124
UEIC,Universal Electronics Inc.,2309
UFCS,"United Fire Group, Inc.",1057
UFI,"Unifi, Inc.",2500
UFPI,"UFP Industries, Inc.",7000
UFPT,"UFP Technologies, Inc.",722
UG,"United-Guardian, Inc.",34
UGI,UGI Corporation,1000
UGIC,UGI Corporation,1000
UHS,"Universal Health Services, Inc.",72600
UI,Ubiquiti Inc.,435
UIS,Unisys Corporation,23000
ULBI,Ultralife Corporation,691
ULH,"Universal Logistics Holdings, Inc.",5108
ULTA,"Ulta Beauty, Inc.",8100
UMBF,UMB Financial Corporation,3830
UMH,"UMH Properties, Inc.",295
UNB,"Union Bankshares, Inc.",188
UNF,UniFirst Corporation,12000
UNH,UnitedHealth Group Incorporated,200000
UNIT,Uniti Group Inc.,37
UNM,Unum Group,9400
UNMA,Unum Group 6.250% JR NT58,9400
UNP,Union Pacific Corporation,47457
UNTY,"Unity Bancorp, Inc.",150
UONE,"Urban One, Inc.",962
UONEK,"Urban One, Inc.",962
UPLD,"Upland Software, Inc.",342
UPS,"United Parcel Service, Inc.",444000
URBN,"Urban Outfitters, Inc.",24000
URG,Ur-Energy Inc.,25
URI,"United Rentals, Inc.",850
USAC,"USA Compression Partners, LP",478
USAP,"Universal Stainless & Alloy Products, Inc.",449
USB,U.S. Bancorp,65433
USDP,USD Partners LP,68
USIO,"Usio, Inc.",22
USLM,"United States Lime & Minerals, Inc.",323
USM,United States Cellular Corporation,6400
USNA,"USANA Health Sciences, Inc.",1527
USPH,"U.S. Physical Therapy, Inc.",3400
UTHR,United Therapeutics Corporation,750
UTI,"Universal Technical Institute, Inc.",2020
UTL,Unitil Corporation,500
UTMD,"Utah Medical Products, Inc.",169
UUU,"Universal Security Instruments, Inc.",15
UUUU,Energy Fuels Inc.,189
UVE,"Universal Insurance Holdings, Inc.",392
UVSP,Univest Financial Corporation,7
UVV,Universal Corporation,27000
UZD,United States Cellular Corporat,6400
UZE,United States Cellular Corporat,6400
UZF,United States Cellular Corporat,6400
V,Visa Inc.,11300
VALU,"Value Line, Inc.",195
VATE,INNOVATE Corp.,1970
VBFC,Village Bank and Trust Financial Corp.,157
VBIV,VBI Vaccines Inc.,51
VBIV,VBI Vaccines Inc.,8
VBTX,"Veritex Holdings, Inc.",121
VC,Visteon Corporation,1100
VCEL,Vericel Corporation,190
VCYT,"Veracyte, Inc.",192
VECO,Veeco Instruments Inc.,783
VEEV,Veeva Systems Inc.,951
VERB,"Verb Technology Company, Inc.",6
VERBW,"Verb Technology Company, Inc.",6
VERU,Veru Inc.,180
VFC,V.F. Corporation,59000
VGR,Vector Group Ltd.,1367
VGZ,Vista Gold Corp.,13
VHI,"Valhi, Inc.",512
VIA,"Via Renewables, Inc.",189
VIASP,"Via Renewables, Inc.",189
VIAV,Viavi Solutions Inc.,4900
VICR,Vicor Corporation,964
VINO,"Gaucho Group Holdings, Inc.",98
VIRC,Virco Mfg. Corporation,685
VIRT,"Virtu Financial, Inc.",148
VISL,"Vislink Technologies, Inc.",58
VKTX,"Viking Therapeutics, Inc.",9
VLO,Valero Energy Corporation,10103
VLY,Valley National Bancorp,2929
VLYPO,Valley National Bancorp,2929
VLYPP,Valley National Bancorp,2929
VMC,Vulcan Materials Company,6799
VMI,"Valmont Industries, Inc.",10697
VMW,"VMware, Inc.",19000
VNCE,Vince Holding Corp.,498
VNDA,Vanda Pharmaceuticals Inc.,118
VNO,Vornado Realty Trust,4089
VNOM,Viper Energy Partners LP,141
VNRX,VolitionRx Limited,13
VOD,Vodafone Group Public Limited Company,105970
VOXX,VOXX International Corporation,2100
VOYA,"Voya Financial, Inc.",7000
VPG,"Vishay Precision Group, Inc.",2352
VRA,"Vera Bradley, Inc.",2800
VRDN,"Viridian Therapeutics, Inc.",32
VRE,"Veris Residential, Inc.",530
VRME,"VerifyMe, Inc.",5
VRNS,"Varonis Systems, Inc.",947
VRNT,Verint Systems Inc.,4800
VRSK,"Verisk Analytics, Inc.",7647
VRTV,Veritiv Corporation,8800
VRTX,Vertex Pharmaceuticals Incorporated,1950
VSAT,"Viasat, Inc.",3400
VSEC,VSE Corporation,2057
VSH,"Vishay Intertechnology, Inc.",22400
VSTM,"Verastem, Inc.",20
VSTO,Vista Outdoor Inc.,5200
VTGN,"VistaGen Therapeutics, Inc.",9
VTNR,"Vertex Energy, Inc.",205
VTOL,Bristow Group Inc.,938
VTR,"Ventas, Inc.",466
VTVT,vTv Therapeutics Inc.,46
VUZI,Vuzix Corporation,39
VVI,Viad Corp,4285
VYGR,"Voyager Therapeutics, Inc.",52
W,Wayfair Inc.,3809
WAB,Westinghouse Air Brake Technologies Corporation,13000
WABC,Westamerica Bancorporation,813
WAFD,"Washington Federal, Inc.",1838
WAFDP,"Washington Federal, Inc.",1838
WAL,Western Alliance Bancorporation,1446
WASH,"Washington Trust Bancorp, Inc.",582
WAT,Waters Corporation,6600
WATT,Energous Corporation,52
WAVD,"WaveDancer, Inc.",21
WBA,"Walgreens Boots Alliance, Inc.",360000
WBD,"Warner Bros. Discovery, Inc.",7000
WBS,Webster Financial Corporation,2946
WCC,"WESCO International, Inc.",9300
WD,"Walker & Dunlop, Inc.",104
WDAY,"Workday, Inc.",3750
WDC,Western Digital Corporation,76449
WDFC,WD-40 Company,433
WELL,Welltower Inc.,476
WERN,"Werner Enterprises, Inc.",9192
WES,"Western Midstream Partners, LP",364
WEX,WEX Inc.,2265
WEYS,"Weyco Group, Inc.",662
WFCF,"Where Food Comes From, Inc.",49
WFRD,Weatherford International plc,39500
WGO,"Winnebago Industries, Inc.",2900
WHG,"Westwood Holdings Group, Inc.",168
WHLM,"Wilhelmina International, Inc.",118
WHLR,"Wheeler Real Estate Investment Trust, Inc.",59
WHLRD,"Wheeler Real Estate Investment Trust, Inc.",59
WHLRP,"Wheeler Real Estate Investment Trust, Inc.",59
WHR,Whirlpool Corporation,97000
WINA,Winmark Corporation,108
WINT,"Windtree Therapeutics, Inc.",58
WIRE,Encore Wire Corporation,1331
WIT,Wipro Limited,140000
WK,Workiva Inc.,1122
WKHS,Workhorse Group Inc.,30
WLDN,"Willdan Group, Inc.",443
WLFC,Willis Lease Finance Corporation,104
WLK,Westlake Corporation,4225
WLY,"John Wiley & Sons, Inc.",4900
WLYB,"John Wiley & Sons, Inc.",4900
WM,"Waste Management, Inc.",40600
WMB,"The Williams Companies, Inc.",6578
WMG,Warner Music Group Corp.,4211
WMS,"Advanced Drainage Systems, Inc.",3950
WMT,Walmart Inc.,2200000
WNEB,"Western New England Bancorp, Inc.",164
WNS,WNS (Holdings) Limited,28890
WOR,"Worthington Industries, Inc.",10500
WRB,W. R. Berkley Corporation,7621
WSBF,"Waterstone Financial, Inc.",770
WSC,WillScot Mobile Mini Holdings Corp.,3
WSM,"Williams-Sonoma, Inc.",26800
WSO,"Watsco, Inc.",5000
WSR,Whitestone REIT,95
WST,"West Pharmaceutical Services, Inc.",7100
WTBA,"West Bancorporation, Inc.",174
WTFC,Wintrust Financial Corporation,3770
WTFCM,Wintrust Financial Corporation,3770
WTFCP,Wintrust Financial Corporation,3770
WTI,"W&T Offshore, Inc.",297
WTM,"White Mountains Insurance Group, Ltd.",2973
WTRG,"Essential Utilities, Inc.",1617
WTS,"Watts Water Technologies, Inc.",5000
WTW,Willis Towers Watson Public Limited Company,39000
WU,The Western Union Company,10000
WULF,TeraWulf Inc.,82
WVE,Wave Life Sciences Ltd.,41
WVVI,"Willamette Valley Vineyards, Inc.",94
WVVIP,"Willamette Valley Vineyards, Inc.",94
WW,"WW International, Inc.",21000
WWD,"Woodward, Inc.",6900
WWE,"World Wrestling Entertainment, Inc.",840
WWR,"Westwater Resources, Inc.",40
WY,Weyerhaeuser Company,12600
WYY,WidePoint Corporation,300
X,United States Steel Corporation,21000
XBIO,"Xenetic Biosciences, Inc.",7
XBIT,XBiotech Inc.,78
XEL,Xcel Energy Inc.,11601
XELA,"Exela Technologies, Inc.",4
XELAP,"Exela Technologies, Inc.",4
XELB,"Xcel Brands, Inc.",77
XENE,Xenon Pharmaceuticals Inc.,83
XHR,"Xenia Hotels & Resorts, Inc.",47
XNCR,"Xencor, Inc.",53
XOMA,XOMA Corporation,86
XOMAO,XOMA Corporation,86
XOMAP,XOMA Corporation,86
XPL,Solitario Zinc Corp.,5
XPO,"XPO Logistics, Inc.",89000
XPRO,Expro Group Holdings N.V.,3900
XRAY,DENTSPLY SIRONA Inc.,3600
XTNT,"Xtant Medical Holdings, Inc.",243
XYL,Xylem Inc.,12700
Y,Alleghany Corporation,3135
YELL,Yellow Corporation,300
YELP,Yelp Inc.,3826
YORW,The York Water Company,107
YTEN,"Yield10 Bioscience, Inc.",68
YUM,"Yum! Brands, Inc.",505000
Z,"Zillow Group, Inc.",2204
ZBH,"Zimmer Biomet Holdings, Inc.",7700
ZBRA,Zebra Technologies Corporation,7000
ZD,"Ziff Davis, Inc.",1608
ZEUS,"Olympic Steel, Inc.",1740
ZG,"Zillow Group, Inc.",2204
ZIVO,"ZIVO Bioscience, Inc.",2
ZIVOW,"ZIVO Bioscience, Inc.",2
ZTS,Zoetis Inc.,9000
ZUMZ,Zumiez Inc.,2100
ZWS,Zurn Elkay Water Solutions Corporation,8000
ZYNE,"Zynerba Pharmaceuticals, Inc.",10
ZYXI,"Zynex, Inc.",121
